article_url,counts
https://panow.com/2020/02/06/local-residents-take-a-stand-against-human-trafficking/,"KILL#9#Indigenous Women#4#Swift Current, Saskatchewan, Canada#CA#CA11#50.2833#-107.767#-574445;"
https://calgaryherald.com/news/local-news/albertas-new-mmiwg-working-group-to-begin-with-focus-on-resource-sector/wcm/21512e0d-86da-4fa3-91b5-567a95d7c93f,"KILL#206#Indigenous women#4#Grande Prairie, Alberta, Canada#CA#CA01#55.1667#-118.8#-565467;"
https://www.e-know.ca/regions/east-kootenay/looking-forward-to-more-from-tommy-orange/,KILL#200#Indians#1#Canada#CA#CA#60#-96#CA;CRISISLEX_CRISISLEXREC#200#Indians#1#Canada#CA#CA#60#-96#CA;CRISISLEX_T02_INJURED#200#Indians#1#Canada#CA#CA#60#-96#CA;CRISISLEX_T03_DEAD#200#Indians#1#Canada#CA#CA#60#-96#CA;CRISISLEX_T03_DEAD#200#Indians#1#Canada#CA#CA#60#-96#CA;
https://www.naturalgasworld.com/canadas-upstream-seeks-esg-brand-82492,KILL#100##1#Canada#CA#CA#60#-96#CA;
https://www.bclocalnews.com/entertainment/update-film-festival-cancelled-this-weekend-at-providence-farm/,KILL#5##1#Canada#CA#CA#60#-96#CA;
https://ici.radio-canada.ca/nouvelle/1732467/toronto-multiculturalisme-minorites-immigrants,KILL#20##1#Canada#CA#CA#60#-96#CA;CRISISLEX_CRISISLEXREC#20##1#Canada#CA#CA#60#-96#CA;CRISISLEX_T02_INJURED#20##1#Canada#CA#CA#60#-96#CA;CRISISLEX_T03_DEAD#20##1#Canada#CA#CA#60#-96#CA;CRISISLEX_T03_DEAD#20##1#Canada#CA#CA#60#-96#CA;
https://www.brandonsun.com/local/Metis-veteran-receives-long-overdue-recognition-568327121.html,KILL#50##1#Canada#CA#CA#60#-96#CA;CRISISLEX_T03_DEAD#50##1#Canada#CA#CA#60#-96#CA;KILL#9#werent#1#Canada#CA#CA#60#-96#CA;
https://www.therecord.com/opinion-story/9870479-wet-suwet-en-blockades-rule-of-law-is-a-convenient-weapon/,KILL#2##1#Canada#CA#CA#60#-96#CA;CRISISLEX_T03_DEAD#2##1#Canada#CA#CA#60#-96#CA;
https://www.stcatharinesstandard.ca/ts/opinion/contributors/2020/09/29/its-difficult-but-the-horrors-of-residential-schools-must-never-be-forgotten.html,KILL#2000##1#Canada#CA#CA#60#-96#CA;CRISISLEX_T03_DEAD#2000##1#Canada#CA#CA#60#-96#CA;
https://www.sookenewsmirror.com/news/victoria-stolen-sisters-memorial-march-honours-remembers-missing-and-murdered/,"AFFECT#200##1#Canada#CA#CA#60#-96#CA;KILL#3##1#Canada#CA#CA#60#-96#CA;AFFECT#164##1#Canada#CA#CA#60#-96#CA;AFFECT#3#posters#4#Vancouver Island, British Columbia, Canada#CA#CA02#49.6667#-125.833#-575271;AFFECT#4##4#Vancouver Island, British Columbia, Canada#CA#CA02#49.6667#-125.833#-575271;KILL#2013##4#Vancouver Island, British Columbia, Canada#CA#CA02#49.6667#-125.833#-575271;"
https://www.sherwoodparknews.com/news/local-news/its-jaw-dropping-local-aussie-witnesses-wildfire-devastation,"KILL#25##4#Fort Mcmurray, Alberta, Canada#CA#CA01#56.7333#-111.383#-564818;KILL#800000000#animals#4#Sydney, New South Wales, Australia#AS#AS02#-33.8833#151.217#-1603135;CRISISLEX_T03_DEAD#800000000#animals#4#Sydney, New South Wales, Australia#AS#AS02#-33.8833#151.217#-1603135;KILL#2000000000##4#Sydney, New South Wales, Australia#AS#AS02#-33.8833#151.217#-1603135;CRISISLEX_T03_DEAD#2000000000##4#Sydney, New South Wales, Australia#AS#AS02#-33.8833#151.217#-1603135;AFFECT#2000##1#Canada#CA#CA#60#-96#CA;EVACUATION#2000##1#Canada#CA#CA#60#-96#CA;"
https://www.thompsoncitizen.net/news/nickel-belt/garden-hill-fire-death-a-symptom-of-first-nations-underfunding-says-mp-niki-ashton-1.24084634,KILL#3##1#Canada#CA#CA#60#-96#CA;CRISISLEX_T03_DEAD#3##1#Canada#CA#CA#60#-96#CA;
https://www.yukon-news.com/life/yukon-first-nation-firefighters-reflect-on-their-journey-to-australia-to-help-battle-wildfires/,"KILL#33##4#Telegraph Creek, British Columbia, Canada#CA#CA02#57.9#-131.15#-574621;"
https://theturtleislandnews.com/index.php/2020/07/15/an-army-a-death-land-disputes-still-outstanding/,KILL#19##1#Canada#CA#CA#60#-96#CA;CRISISLEX_T03_DEAD#19##1#Canada#CA#CA#60#-96#CA;
https://globalnews.ca/news/7093153/blue-solidarity-anti-black-racism-study/,"KILL#20##1#Canada#CA#CA#60#-96#CA;CRISISLEX_T03_DEAD#20##1#Canada#CA#CA#60#-96#CA;CRISISLEX_T03_DEAD#20##1#Canada#CA#CA#60#-96#CA;KILL#05#DAndre Campbell family speaks#1#Canada#CA#CA#60#-96#CA;KILL#05#DAndre Campbell family speaks#1#Canada#CA#CA#60#-96#CA;KILL#20##4#Toronto, Ontario, Canada#CA#CA08#43.6667#-79.4167#-574890;CRISISLEX_T03_DEAD#20##4#Toronto, Ontario, Canada#CA#CA08#43.6667#-79.4167#-574890;"
https://calgarysun.com/news/crime/crown-seeks-up-to-12-years-in-prison-for-city-man-in-brutal-beating-death-of-girlfriend-in-motel-room/wcm/0b4d9ebb-c442-4abf-8453-743d64dbe428,"KILL#911#inside#4#Saskatchewan, Manitoba, Canada#CA#CA03#52.15#-97.7167#-575075;CRISISLEX_CRISISLEXREC#911#inside#4#Saskatchewan, Manitoba, Canada#CA#CA03#52.15#-97.7167#-575075;CRISISLEX_T02_INJURED#911#inside#4#Saskatchewan, Manitoba, Canada#CA#CA03#52.15#-97.7167#-575075;CRISISLEX_T03_DEAD#911#inside#4#Saskatchewan, Manitoba, Canada#CA#CA03#52.15#-97.7167#-575075;CRISISLEX_T03_DEAD#911#inside#4#Saskatchewan, Manitoba, Canada#CA#CA03#52.15#-97.7167#-575075;KILL#911#inside#4#Saskatchewan, Manitoba, Canada#CA#CA03#52.15#-97.7167#-575075;CRISISLEX_CRISISLEXREC#911#inside#4#Saskatchewan, Manitoba, Canada#CA#CA03#52.15#-97.7167#-575075;CRISISLEX_T02_INJURED#911#inside#4#Saskatchewan, Manitoba, Canada#CA#CA03#52.15#-97.7167#-575075;CRISISLEX_T03_DEAD#911#inside#4#Saskatchewan, Manitoba, Canada#CA#CA03#52.15#-97.7167#-575075;CRISISLEX_T03_DEAD#911#inside#4#Saskatchewan, Manitoba, Canada#CA#CA03#52.15#-97.7167#-575075;"
https://lfpress.com/news/local-news/ipperwash-25-years-later-dudley-georges-brother-wont-and-cant-forget/wcm/4a1a4c15-17ac-400d-8fa5-611592f897ae/,KILL#1800##1#Canada#CA#CA#60#-96#CA;CRISISLEX_T03_DEAD#1800##1#Canada#CA#CA#60#-96#CA;
https://www.thewhig.com/opinion/columnists/canadas-first-indigenous-nurse-on-french-battlefields,"KILL#60##4#Brantford, Ontario, Canada#CA#CA08#43.1333#-80.2667#-561588;CRISISLEX_T03_DEAD#60##4#Brantford, Ontario, Canada#CA#CA08#43.1333#-80.2667#-561588;KILL#106##4#Brantford, Ontario, Canada#CA#CA08#43.1333#-80.2667#-561588;CRISISLEX_T03_DEAD#106##4#Brantford, Ontario, Canada#CA#CA08#43.1333#-80.2667#-561588;"
https://www.miragenews.com/never-boring-new-book-recounts-life-and-legacy-of-composer-malcolm-forsyth/,"KILL#74#just#4#Ottawa, Ontario, Canada#CA#CA08#45.4167#-75.7#-570760;CRISISLEX_T03_DEAD#74#just#4#Ottawa, Ontario, Canada#CA#CA08#45.4167#-75.7#-570760;"
https://infotel.ca/newsitem/indigenous-black-activism/cp1147914408,"KILL#3#Indigenous#4#Toronto, Ontario, Canada#CA#CA08#43.6667#-79.4167#-574890;CRISISLEX_T03_DEAD#3#Indigenous#4#Toronto, Ontario, Canada#CA#CA08#43.6667#-79.4167#-574890;"
https://www.thesuburban.com/news/city_news/assembly-of-first-nations-developing-anti-racism-action-plan/article_f6c1ac5d-e6a5-59c3-a3a5-2bf1b02ceca6.html,"KILL#8##4#Quebec, Quebec, Canada#CA#CA10#47.5#-72#-571850;"
https://globalnews.ca/news/7182526/blood-tribe-police-kainai-reserve-chief-racism-rcmp/,KILL#9##1#Canada#CA#CA#60#-96#CA;CRISISLEX_T03_DEAD#9##1#Canada#CA#CA#60#-96#CA;
https://torontosun.com/news/local-news/joyce-echaquans-family-taking-legal-action-lawyer-says/wcm/98746ce1-1827-4010-889b-6298043c4916,"KILL#8##4#Joliette, Quebec, Canada#CA#CA10#46.0333#-73.4333#-566869;CRISISLEX_T03_DEAD#8##4#Joliette, Quebec, Canada#CA#CA10#46.0333#-73.4333#-566869;"
https://www.ctvnews.ca/canada/lucki-acknowledges-systemic-racism-in-rcmp-1.4982165,KILL#8##1#Canada#CA#CA#60#-96#CA;CRISISLEX_T03_DEAD#8##1#Canada#CA#CA#60#-96#CA;
https://www.yorktonthisweek.com/opinion/columnists/politics-headway-made-on-first-nations-relations-1.24069041,"KILL#2##4#Prince Albert, Saskatchewan, Canada#CA#CA11#53.2#-105.75#-571717;CRISISLEX_T03_DEAD#2##4#Prince Albert, Saskatchewan, Canada#CA#CA11#53.2#-105.75#-571717;"
https://canadiandimension.com/articles/author/pam-palmater,"KILL#4##4#Turtle Island, British Columbia, Canada#CA#CA02#48.8833#-125.3#-575090;"
https://www.cbc.ca/news/canada/newfoundland-labrador/mamka-report-salmon-1.5417664,"KILL#6000000#farmed Atlantic salmon#4#Fortune Bay, Newfoundland, Canada#CA#CA05#47.25#-55.6667#-564841;KILL#6000000#farmed Atlantic salmon#4#Fortune Bay, Newfoundland, Canada#CA#CA05#47.25#-55.6667#-564841;KILL#200##4#Corner Brook, Newfoundland, Canada#CA#CA05#48.95#-57.9333#-563016;CRISISLEX_CRISISLEXREC#200##4#Corner Brook, Newfoundland, Canada#CA#CA05#48.95#-57.9333#-563016;CRISISLEX_T02_INJURED#200##4#Corner Brook, Newfoundland, Canada#CA#CA05#48.95#-57.9333#-563016;CRISISLEX_T03_DEAD#200##4#Corner Brook, Newfoundland, Canada#CA#CA05#48.95#-57.9333#-563016;CRISISLEX_T03_DEAD#200##4#Corner Brook, Newfoundland, Canada#CA#CA05#48.95#-57.9333#-563016;"
https://edmontonsun.com/news/rural-albertans-gather-for-anti-racism-protest-in-innisfail/wcm/44228d80-375c-4937-8c3d-3a440a703f17,PROTEST#300##1#Canada#CA#CA#60#-96#CA;KILL#9##1#Canada#CA#CA#60#-96#CA;CRISISLEX_T03_DEAD#9##1#Canada#CA#CA#60#-96#CA;PROTEST#2000##1#United States#US#US#39.828175#-98.5795#US;
https://www.brantfordexpositor.ca/news/local-news/number-of-police-street-checks-drops-significantly,"KILL#100##4#Brantford, Ontario, Canada#CA#CA08#43.1333#-80.2667#-561588;CRISISLEX_T03_DEAD#100##4#Brantford, Ontario, Canada#CA#CA08#43.1333#-80.2667#-561588;ARREST#2##4#Brantford, Ontario, Canada#CA#CA08#43.1333#-80.2667#-561588;SOC_GENERALCRIME#2##4#Brantford, Ontario, Canada#CA#CA08#43.1333#-80.2667#-561588;CRISISLEX_C07_SAFETY#2##4#Brantford, Ontario, Canada#CA#CA08#43.1333#-80.2667#-561588;"
https://www.chatelaine.com/living/politics/5-ways-to-make-sex-work-safer/,KILL#60##1#Canada#CA#CA#60#-96#CA;CRISISLEX_T03_DEAD#60##1#Canada#CA#CA#60#-96#CA;
https://lfpress.com/life/fashion-beauty/all-for-a-good-cause-purpose-led-brands-aim-to-put-philanthropy-first/wcm/b594acc5-d8d8-421e-86fa-c0c1f0fc8734,"KILL#15##4#Attawapiskat, Ontario, Canada#CA#CA08#52.9167#-82.4333#-560412;CRISISLEX_T03_DEAD#15##4#Attawapiskat, Ontario, Canada#CA#CA08#52.9167#-82.4333#-560412;"
https://www.mondaq.com/australia/Government-Public-Sector/898614/Waanyi-Nation-declares-its-independence-to-run-its-own-economy,"KILL#200##4#Lawn Hill, British Columbia, Canada#CA#CA02#53.4#-131.917#-567802;CRISISLEX_T03_DEAD#200##4#Lawn Hill, British Columbia, Canada#CA#CA02#53.4#-131.917#-567802;"
https://www.680news.com/2020/09/07/it-is-urgent-commissioner-calls-for-indigenous-bodies-to-oversee-police/,"ARREST#9#Floyd#1#United States#US#US#39.828175#-98.5795#US;CRISISLEX_CRISISLEXREC#9#Floyd#1#United States#US#US#39.828175#-98.5795#US;KILL#2#Indigenous#4#Quebec, Quebec, Canada#CA#CA10#47.5#-72#-571850;CRISISLEX_T03_DEAD#2#Indigenous#4#Quebec, Quebec, Canada#CA#CA10#47.5#-72#-571850;"
https://www.cbc.ca/news/canada/north/long-reads-cbc-north-best-1.5397953,KILL#10##1#Canada#CA#CA#60#-96#CA;CRISISLEX_CRISISLEXREC#10##1#Canada#CA#CA#60#-96#CA;CRISISLEX_T02_INJURED#10##1#Canada#CA#CA#60#-96#CA;CRISISLEX_T03_DEAD#10##1#Canada#CA#CA#60#-96#CA;CRISISLEX_T03_DEAD#10##1#Canada#CA#CA#60#-96#CA;
https://www.hcn.org/issues/52.4/indigenous-affairs-wildlife-a-captive-orca-and-a-chance-for-our-redemption,"KIDNAP#6#juvenile orcas#3#Washington, District Of Columbia, United States#US#USDC#38.8951#-77.0364#531871;KILL#5#orcas#1#United States#US#US#39.828175#-98.5795#US;CRISISLEX_T03_DEAD#5#orcas#1#United States#US#US#39.828175#-98.5795#US;KILL#12#orcas#1#United Kingdom#UK#UK#54#-4#UK;CRISISLEX_T03_DEAD#12#orcas#1#United Kingdom#UK#UK#54#-4#UK;KILL#2014##3#Miami, Florida, United States#US#USFL#25.7743#-80.1937#295004;CRISISLEX_T03_DEAD#2014##3#Miami, Florida, United States#US#USFL#25.7743#-80.1937#295004;CRISISLEX_T03_DEAD#2014##3#Miami, Florida, United States#US#USFL#25.7743#-80.1937#295004;KILL#2014##1#United States#US#US#39.828175#-98.5795#US;CRISISLEX_T03_DEAD#2014##1#United States#US#US#39.828175#-98.5795#US;CRISISLEX_T03_DEAD#2014##1#United States#US#US#39.828175#-98.5795#US;EVACUATION#6##3#Miami, Florida, United States#US#USFL#25.7743#-80.1937#295004;CRISISLEX_T01_CAUTION_ADVICE#6##3#Miami, Florida, United States#US#USFL#25.7743#-80.1937#295004;CRISISLEX_T09_DISPLACEDRELOCATEDEVACUATED#6##3#Miami, Florida, United States#US#USFL#25.7743#-80.1937#295004;KILL#12##3#Miami, Florida, United States#US#USFL#25.7743#-80.1937#295004;CRISISLEX_T03_DEAD#12##3#Miami, Florida, United States#US#USFL#25.7743#-80.1937#295004;ARREST#700#rate#1#Canada#CA#CA#60#-96#CA;KILL#6#children#1#Canada#CA#CA#60#-96#CA;CRISISLEX_T03_DEAD#6#children#1#Canada#CA#CA#60#-96#CA;ARREST#6#children#1#Canada#CA#CA#60#-96#CA;"
https://www.timescolonist.com/news/local/head-of-sea-lion-seen-in-vic-west-likely-taken-as-trophy-critic-1.24134123,KILL#77##1#Canada#CA#CA#60#-96#CA;CRISISLEX_CRISISLEXREC#77##1#Canada#CA#CA#60#-96#CA;CRISISLEX_T02_INJURED#77##1#Canada#CA#CA#60#-96#CA;CRISISLEX_T03_DEAD#77##1#Canada#CA#CA#60#-96#CA;CRISISLEX_T03_DEAD#77##1#Canada#CA#CA#60#-96#CA;
https://www.ledevoir.com/opinion/editoriaux/572177/femmes-autochtones-des-morts-qu-on-ignore,KILL#261##1#Canada#CA#CA#60#-96#CA;
https://news.yahoo.com/joyce-echaquan-pm-trudeau-decries-161811714.html,KILL#12##1#Canada#CA#CA#60#-96#CA;CRISISLEX_T03_DEAD#12##1#Canada#CA#CA#60#-96#CA;
https://winnipeg.ctvnews.ca/inuk-pop-singer-songwriter-kelly-fraser-dead-at-26-1.4745014,"KILL#26##4#Sanikiluaq, Nunavut, Canada#CA#CA14#56.5333#-79.2333#448969;CRISISLEX_T03_DEAD#26##4#Sanikiluaq, Nunavut, Canada#CA#CA14#56.5333#-79.2333#448969;"
https://aptnnews.ca/2020/03/31/indigenous-lawyer-don-worme-says-upbringing-led-him-to-life-of-fighting-against-injustice/,KILL#3##1#Canada#CA#CA#60#-96#CA;
https://www.cbc.ca/news/canada/north/kelly-fraser-obituary-1.5409059,"KILL#26##4#Sanikiluaq, Nunavut, Canada#CA#CA14#56.5333#-79.2333#448969;CRISISLEX_T03_DEAD#26##4#Sanikiluaq, Nunavut, Canada#CA#CA14#56.5333#-79.2333#448969;"
https://www.indiantime.net/story/2020/05/14/news/canada-dna-discovery-lends-weight-to-first-nations-ancestral-story/34307.html,KILL#2013##1#Canada#CA#CA#60#-96#CA;CRISISLEX_T03_DEAD#2013##1#Canada#CA#CA#60#-96#CA;CRISISLEX_T03_DEAD#2013##1#Canada#CA#CA#60#-96#CA;
https://www.sbs.com.au/news/loved-and-cherished-inuk-singer-songwriter-kelly-fraser-remembered-following-her-death,"KILL#26##4#Sanikiluaq, Nunavut, Canada#CA#CA14#56.5333#-79.2333#448969;CRISISLEX_T03_DEAD#26##4#Sanikiluaq, Nunavut, Canada#CA#CA14#56.5333#-79.2333#448969;"
https://www.thestar.com/news/canada/2020/06/12/chantel-moores-death-deserves-same-kind-of-reaction-as-george-floyd-indigenous-leader-says.html,KILL#26##1#Canada#CA#CA#60#-96#CA;
https://www.919thebend.ca/2020/07/21/more-calls-for-public-inquiry-into-indigenous-deaths/,KILL#3##1#Canada#CA#CA#60#-96#CA;
https://www.cjme.com/2020/09/03/social-services-data-shows-25-youth-died-while-receiving-care-in-2020/,"KILL#19##4#Saskatchewan, Manitoba, Canada#CA#CA03#52.15#-97.7167#-575075;KILL#25#children#4#Saskatchewan, Manitoba, Canada#CA#CA03#52.15#-97.7167#-575075;CRISISLEX_T03_DEAD#25#children#4#Saskatchewan, Manitoba, Canada#CA#CA03#52.15#-97.7167#-575075;KILL#5##4#Saskatchewan, Manitoba, Canada#CA#CA03#52.15#-97.7167#-575075;KILL#13##4#Saskatchewan, Manitoba, Canada#CA#CA03#52.15#-97.7167#-575075;CRISISLEX_T03_DEAD#13##4#Saskatchewan, Manitoba, Canada#CA#CA03#52.15#-97.7167#-575075;"
https://www.coastreporter.net/news/local-news/montreal-massacre-remembered-in-gibsons-1.24031353,"KILL#14#women#4#Montreal, Quebec, Canada#CA#CA10#45.5#-73.5833#-569541;"
https://www.cbc.ca/news/canada/new-brunswick/john-turnbull-saint-john-court-of-queens-bench-indigenous-logging-rights-1.5577470,"KILL#84##4#Montreal, Quebec, Canada#CA#CA10#45.5#-73.5833#-569541;CRISISLEX_T03_DEAD#84##4#Montreal, Quebec, Canada#CA#CA10#45.5#-73.5833#-569541;"
https://www.thestar.com/news/canada/2020/07/11/who-is-policing-the-police-in-calgary-an-interview-with-the-makers-of-above-the-law.html,KILL#2014##1#Canada#CA#CA#60#-96#CA;CRISISLEX_T03_DEAD#2014##1#Canada#CA#CA#60#-96#CA;
https://www.cbc.ca/news/canada/toronto/gord-downie-poet-laureate-position-1.5392988,KILL#53##1#Canada#CA#CA#60#-96#CA;CRISISLEX_T03_DEAD#53##1#Canada#CA#CA#60#-96#CA;
http://www.pentictonherald.ca/news/national_news/article_881b53bf-ee88-5416-80e5-2b2231522c2a.html,"KILL#6#passengers#4#Tofino, British Columbia, Canada#CA#CA02#49.1333#-125.9#-574861;CRISISLEX_T03_DEAD#6#passengers#4#Tofino, British Columbia, Canada#CA#CA02#49.1333#-125.9#-574861;KILL#2#passengers#4#Prince Rupert, British Columbia, Canada#CA#CA02#54.3167#-130.333#-571743;"
https://www.hellenicshippingnews.com/oceana-canada-research-reveals-ships-are-ignoring-voluntary-slowdown-zone-designed-to-protect-endangered-right-whales/,"KILL#10##1#Canada#CA#CA#60#-96#CA;CRISISLEX_T03_DEAD#10##1#Canada#CA#CA#60#-96#CA;KILL#22##4#Cabot Strait, Canada (General), Canada#CA#CA00#47.1667#-59.5#-561950;"
https://www.winnipegfreepress.com/local/museum-honours-free-press-writer-as-leader-of-tomorrow-567239272.html,"KILL#2000##4#Winnipeg, Manitoba, Canada#CA#CA03#49.8833#-97.1667#-576096;"
https://www.santafenewmexican.com/pasatiempo/movies/stay-at-home-film-festival-bringing-the-big-screen-home/article_71df38d6-6ada-11ea-8312-abe4b6b8bf7f.html,KILL#2#First Nations#1#Canada#CA#CA#60#-96#CA;
https://ca.news.yahoo.com/brother-fallen-inuvik-soldier-touched-150000976.html,"KILL#25##4#Inuvik, Northwest Territories, Canada#CA#CA13#68.35#-133.7#-566625;CRISISLEX_T03_DEAD#25##4#Inuvik, Northwest Territories, Canada#CA#CA13#68.35#-133.7#-566625;"
http://caledoncitizen.com/?p=32832,KILL#19##1#Canada#CA#CA#60#-96#CA;
https://www.prokerala.com/news/articles/a1077499.html,KILL#19##1#Canada#CA#CA#60#-96#CA;CRISISLEX_T03_DEAD#19##1#Canada#CA#CA#60#-96#CA;
https://www.equaltimes.org/what-will-it-take-for-canada-to,KILL#2##1#Canada#CA#CA#60#-96#CA;CRISISLEX_T03_DEAD#2##1#Canada#CA#CA#60#-96#CA;KILL#6##1#Canada#CA#CA#60#-96#CA;CRISISLEX_T03_DEAD#6##1#Canada#CA#CA#60#-96#CA;
https://www.greanvillepost.com/2020/02/13/chile-desperto-chile-has-woken-up-the-rising-fight-against-neo-liberalism-in-chile/,"KILL#19##4#Santiago, RegiÃ³etropolitana, Chile#CI#CI12#-33.45#-70.6667#-901202;CRISISLEX_T03_DEAD#19##4#Santiago, RegiÃ³etropolitana, Chile#CI#CI12#-33.45#-70.6667#-901202;WOUND#200##4#Santiago, RegiÃ³etropolitana, Chile#CI#CI12#-33.45#-70.6667#-901202;CRISISLEX_T02_INJURED#200##4#Santiago, RegiÃ³etropolitana, Chile#CI#CI12#-33.45#-70.6667#-901202;KILL#2000000##1#Canada#CA#CA#60#-96#CA;CRISISLEX_T03_DEAD#2000000##1#Canada#CA#CA#60#-96#CA;"
https://www.thepeterboroughexaminer.com/opinion/columnists/2020/10/09/drew-monkman-autumn-updates-for-peterborough-and-the-kawarthas-from-birds-canada.html,KILL#25000000##1#Canada#CA#CA#60#-96#CA;
http://www.journalpioneer.com/news/local/hundreds-speak-up-during-peaceful-indigenous-lives-matter-walk-in-charlottetown-464458/,KILL#200#marched#1#Canada#CA#CA#60#-96#CA;KILL#200##1#Canada#CA#CA#60#-96#CA;KILL#8##1#Canada#CA#CA#60#-96#CA;CRISISLEX_T03_DEAD#8##1#Canada#CA#CA#60#-96#CA;KILL#200#attended#1#Canada#CA#CA#60#-96#CA;
https://globalnews.ca/news/7080879/police-mistrust-institutional-change-nova-scotia-senator/,KILL#30##1#Canada#CA#CA#60#-96#CA;ARREST#28##1#Canada#CA#CA#60#-96#CA;KILL#8##1#Canada#CA#CA#60#-96#CA;KILL#12##1#Canada#CA#CA#60#-96#CA;CRISISLEX_T03_DEAD#12##1#Canada#CA#CA#60#-96#CA;
https://www.saltwire.com/opinion/local-perspectives/lorraine-whitman-alter-police-practices-now-for-indigenous-womens-sake-465351/,KILL#2014##1#Canada#CA#CA#60#-96#CA;CRISISLEX_T03_DEAD#2014##1#Canada#CA#CA#60#-96#CA;
http://www.theguardian.pe.ca/opinion/regional-perspectives/letter-changing-the-way-police-do-business-is-imperative-for-the-indigenous-women-of-canada-465367/,KILL#2013##1#Canada#CA#CA#60#-96#CA;CRISISLEX_T03_DEAD#2013##1#Canada#CA#CA#60#-96#CA;
https://theprovince.com/opinion/columnists/opinion-police-reforms-imperative-to-protect-lives-of-indigenous-women/wcm/b526e107-1efc-4d01-bb60-a9b93b400fcc,KILL#2014##1#Canada#CA#CA#60#-96#CA;CRISISLEX_T03_DEAD#2014##1#Canada#CA#CA#60#-96#CA;
https://www.chroniclejournal.com/news/national/defaced-toppled-statues-rekindle-debate-over-controversial-symbols/article_9da1247f-6bbe-5a42-a5e3-ff8afc394012.html,"KILL#9##2#Virginia, United States#US#USVA#37.768#-78.2057#VA;PROTEST#20#ions#4#Montreal, Quebec, Canada#CA#CA10#45.5#-73.5833#-569541;MOVEMENT_GENERAL#20#ions#4#Montreal, Quebec, Canada#CA#CA10#45.5#-73.5833#-569541;TAX_FNCACT_ACTIVISTS#20#ions#4#Montreal, Quebec, Canada#CA#CA10#45.5#-73.5833#-569541;"
https://edmontonsun.com/news/crime/philanthropists-death-being-probed-as-murder/wcm/47e1bd24-62a2-4bc5-aeb8-231a00a1d9c7,"KILL#22#nd homicide#4#Toronto, Ontario, Canada#CA#CA08#43.6667#-79.4167#-574890;CRISISLEX_CRISISLEXREC#22#nd homicide#4#Toronto, Ontario, Canada#CA#CA08#43.6667#-79.4167#-574890;CRISISLEX_T02_INJURED#22#nd homicide#4#Toronto, Ontario, Canada#CA#CA08#43.6667#-79.4167#-574890;CRISISLEX_T03_DEAD#22#nd homicide#4#Toronto, Ontario, Canada#CA#CA08#43.6667#-79.4167#-574890;CRISISLEX_T03_DEAD#22#nd homicide#4#Toronto, Ontario, Canada#CA#CA08#43.6667#-79.4167#-574890;"
https://montreal.ctvnews.ca/quebec-police-say-suspect-arrested-after-two-children-found-dead-in-wendake-1.5141371,"KILL#2#children#4#Montreal, Quebec, Canada#CA#CA10#45.5#-73.5833#-569541;CRISISLEX_CRISISLEXREC#2#children#4#Montreal, Quebec, Canada#CA#CA10#45.5#-73.5833#-569541;CRISISLEX_T02_INJURED#2#children#4#Montreal, Quebec, Canada#CA#CA10#45.5#-73.5833#-569541;CRISISLEX_T03_DEAD#2#children#4#Montreal, Quebec, Canada#CA#CA10#45.5#-73.5833#-569541;CRISISLEX_T03_DEAD#2#children#4#Montreal, Quebec, Canada#CA#CA10#45.5#-73.5833#-569541;KILL#2##4#Quebec, Quebec, Canada#CA#CA10#47.5#-72#-571850;"
https://www.theglobeandmail.com/canada/article-quebec-police-say-suspect-arrested-after-two-children-found-dead-in-2/,"KILL#2#children#4#Quebec, Quebec, Canada#CA#CA10#47.5#-72#-571850;CRISISLEX_CRISISLEXREC#2#children#4#Quebec, Quebec, Canada#CA#CA10#47.5#-72#-571850;CRISISLEX_T02_INJURED#2#children#4#Quebec, Quebec, Canada#CA#CA10#47.5#-72#-571850;CRISISLEX_T03_DEAD#2#children#4#Quebec, Quebec, Canada#CA#CA10#47.5#-72#-571850;CRISISLEX_T03_DEAD#2#children#4#Quebec, Quebec, Canada#CA#CA10#47.5#-72#-571850;KILL#2##4#Quebec, Quebec, Canada#CA#CA10#47.5#-72#-571850;"
https://www.1310news.com/2020/10/11/quebec-police-say-suspect-arrested-after-two-children-found-dead-in-wendake/,"KILL#2#children#4#Quebec, Quebec, Canada#CA#CA10#47.5#-72#-571850;CRISISLEX_CRISISLEXREC#2#children#4#Quebec, Quebec, Canada#CA#CA10#47.5#-72#-571850;CRISISLEX_T02_INJURED#2#children#4#Quebec, Quebec, Canada#CA#CA10#47.5#-72#-571850;CRISISLEX_T03_DEAD#2#children#4#Quebec, Quebec, Canada#CA#CA10#47.5#-72#-571850;CRISISLEX_T03_DEAD#2#children#4#Quebec, Quebec, Canada#CA#CA10#47.5#-72#-571850;KILL#2##4#Quebec, Quebec, Canada#CA#CA10#47.5#-72#-571850;"
https://www.tbnewswatch.com/local-news/oiprd-commends-police-on-progress-but-says-more-work-needs-to-be-done-to-rebuild-trust-2121465,"KILL#9#sudden#4#Thunder Bay, Ontario, Canada#CA#CA08#48.4#-89.2333#-574784;"
https://www.theglobeandmail.com/canada/article-an-indigenous-mans-death-in-thunder-bay-triggered-a-historic-probe-of/,"KILL#9##4#Thunder Bay, Ontario, Canada#CA#CA08#48.4#-89.2333#-574784;KILL#7##4#Thunder Bay, Ontario, Canada#CA#CA08#48.4#-89.2333#-574784;"
https://lactualite.com/actualites/des-policiers-de-la-grc-abattent-un-autochtone-au-n-b-selon-un-chef-micmaque/,"KILL#30##4#Miramichi, New Brunswick, Canada#CA#CA04#47.0333#-65.1833#-569384;CRISISLEX_CRISISLEXREC#30##4#Miramichi, New Brunswick, Canada#CA#CA04#47.0333#-65.1833#-569384;CRISISLEX_T02_INJURED#30##4#Miramichi, New Brunswick, Canada#CA#CA04#47.0333#-65.1833#-569384;CRISISLEX_T03_DEAD#30##4#Miramichi, New Brunswick, Canada#CA#CA04#47.0333#-65.1833#-569384;CRISISLEX_T03_DEAD#30##4#Miramichi, New Brunswick, Canada#CA#CA04#47.0333#-65.1833#-569384;"
https://www.brandonsun.com/national/breaking-news/family-of-indigenous-woman-critical-of-police-investigation-into-her-death-567052042.html,"KILL#2##4#Winnipeg, Manitoba, Canada#CA#CA03#49.8833#-97.1667#-576096;CRISISLEX_T03_DEAD#2##4#Winnipeg, Manitoba, Canada#CA#CA03#49.8833#-97.1667#-576096;"
https://www.winnipegfreepress.com/canada/inuit-women-in-canadas-north-encountering-racialized-policing-report-says-567033962.html,KILL#9##1#Canada#CA#CA#60#-96#CA;
https://www.theglobeandmail.com/canada/article-murray-sinclair-has-tried-for-years-to-shock-canada-into-confronting/,"KILL#9##4#Thunder Bay, Ontario, Canada#CA#CA08#48.4#-89.2333#-574784;PROTEST#1980#parallels#4#Thunder Bay, Ontario, Canada#CA#CA08#48.4#-89.2333#-574784;STRIKE#1980#parallels#4#Thunder Bay, Ontario, Canada#CA#CA08#48.4#-89.2333#-574784;"
https://panow.com/2020/02/27/beyak-suspended-again-from-senate-despite-apology-for-posting-offensive-letters/,KILL#2000##1#Canada#CA#CA#60#-96#CA;CRISISLEX_T03_DEAD#2000##1#Canada#CA#CA#60#-96#CA;
https://kitchener.ctvnews.ca/another-trial-ordered-for-hamilton-area-man-who-killed-would-be-car-thief-1.4829545,KILL#6#Nations residents#1#Canada#CA#CA#60#-96#CA;
https://canadiandimension.com/articles/view/inquiry-needed-into-police-violence-against-indigenous-peoples,"KILL#62##4#Saskatchewan, Manitoba, Canada#CA#CA03#52.15#-97.7167#-575075;KILL#58##1#Canada#CA#CA#60#-96#CA;KILL#64##4#Winnipeg, Manitoba, Canada#CA#CA03#49.8833#-97.1667#-576096;CRISISLEX_T03_DEAD#64##4#Winnipeg, Manitoba, Canada#CA#CA03#49.8833#-97.1667#-576096;KILL#2013##1#Canada#CA#CA#60#-96#CA;CRISISLEX_T03_DEAD#2013##1#Canada#CA#CA#60#-96#CA;ARREST#30##1#Canada#CA#CA#60#-96#CA;KILL#461##1#Canada#CA#CA#60#-96#CA;"
https://thewalrus.ca/a-new-sound-for-inuit-music/,KILL#10#women#1#Canada#CA#CA#60#-96#CA;
https://kitchener.ctvnews.ca/in-my-heart-i-wanted-to-be-here-brantford-s-police-chief-speaks-at-anti-racism-rally-1.4981454,"KILL#200##4#Brantford, Ontario, Canada#CA#CA08#43.1333#-80.2667#-561588;KILL#9##1#Canada#CA#CA#60#-96#CA;CRISISLEX_T03_DEAD#9##1#Canada#CA#CA#60#-96#CA;PROTEST#2000##1#Canada#CA#CA#60#-96#CA;PROTEST#2000##1#Canada#CA#CA#60#-96#CA;"
https://canadiandimension.com/articles/view/so-now-what-from-inconvenient-to-uncomfortable-truths,"KILL#2000##4#Vancouver, British Columbia, Canada#CA#CA02#49.25#-123.133#-575268;PROTEST#2000##4#Vancouver, British Columbia, Canada#CA#CA02#49.25#-123.133#-575268;"
http://www.kelownadailycourier.ca/news/national_news/article_d67c61e4-8523-5927-975f-4fa9450bbfd9.html,KILL#3#Indigenous#1#Canada#CA#CA#60#-96#CA;CRISISLEX_T03_DEAD#3#Indigenous#1#Canada#CA#CA#60#-96#CA;
https://www.cbc.ca/news/canada/kitchener-waterloo/indigenous-activists-idle-no-more-black-lives-matter-1.5599669,KILL#3#Indigenous#1#Canada#CA#CA#60#-96#CA;CRISISLEX_T03_DEAD#3#Indigenous#1#Canada#CA#CA#60#-96#CA;
https://www.680news.com/2020/06/16/indigenous-peoples-in-u-s-stand-with-blm-but-await-their-own-reckoning/,PROTEST#2##1#Canada#CA#CA#60#-96#CA;KILL#2##1#Canada#CA#CA#60#-96#CA;
http://www.pgfreepress.com/federal-harris-misses-williams-lake-forum/,KILL#96#Canadian soldiers#1#Canada#CA#CA#60#-96#CA;CRISISLEX_CRISISLEXREC#96#Canadian soldiers#1#Canada#CA#CA#60#-96#CA;CRISISLEX_T02_INJURED#96#Canadian soldiers#1#Canada#CA#CA#60#-96#CA;CRISISLEX_T03_DEAD#96#Canadian soldiers#1#Canada#CA#CA#60#-96#CA;CRISISLEX_T03_DEAD#96#Canadian soldiers#1#Canada#CA#CA#60#-96#CA;
https://www.theguardian.pe.ca/news/local/were-angry-and-were-grieving-hard-delegation-from-black-cultural-society-of-pei-calls-for-review-of-existing-legislation-policies-457135/,KILL#20##1#Canada#CA#CA#60#-96#CA;CRISISLEX_T03_DEAD#20##1#Canada#CA#CA#60#-96#CA;
https://www.theglobeandmail.com/politics/article-ontario-announces-new-plan-for-child-welfare-system/,"KILL#11#Indigenous children#4#Toronto, Ontario, Canada#CA#CA08#43.6667#-79.4167#-574890;CRISISLEX_T03_DEAD#11#Indigenous children#4#Toronto, Ontario, Canada#CA#CA08#43.6667#-79.4167#-574890;"
https://muse.jhu.edu/article/209997,MOVEMENT_GENERAL#2014##1#Canada#CA#CA#60#-96#CA;TAX_FNCACT_ACTIVISTS#2014##1#Canada#CA#CA#60#-96#CA;KILL#5##1#Canada#CA#CA#60#-96#CA;CRISISLEX_T03_DEAD#5##1#Canada#CA#CA#60#-96#CA;CRISISLEX_T03_DEAD#5##1#Canada#CA#CA#60#-96#CA;
https://medicinehatnews.com/news/national-news/2020/10/04/joyce-echaquans-death-highlights-systemic-racism-in-health-care-experts-say/,"KILL#7##4#Quebec, Quebec, Canada#CA#CA10#47.5#-72#-571850;CRISISLEX_T03_DEAD#7##4#Quebec, Quebec, Canada#CA#CA10#47.5#-72#-571850;"
https://www.ibtimes.com/kelly-fraser-dead-26-singers-cause-death-remains-unknown-2893164,KILL#26##1#Canada#CA#CA#60#-96#CA;CRISISLEX_T03_DEAD#26##1#Canada#CA#CA#60#-96#CA;
https://www.theglobeandmail.com/canada/article-nova-scotia-premier-rejects-pulp-mills-request-to-keep-dumping-waste/,"AFFECT#2000000##4#Pictou, Nova Scotia, Canada#CA#CA07#45.6667#-62.7#-571268;KILL#2000#jobs#4#Pictou, Nova Scotia, Canada#CA#CA07#45.6667#-62.7#-571268;"
https://scrubsmag.com/nurse-fired-after-insulting-dying-indigenous-woman-screaming-for-help/,KILL#7##1#Canada#CA#CA#60#-96#CA;CRISISLEX_T03_DEAD#7##1#Canada#CA#CA#60#-96#CA;
https://www.fox10phoenix.com/news/navajo-nation-leaders-commend-new-laws-to-address-crisis-of-missing-and-murdered-indigenous-women,"AFFECT#2#laws#1#Canada#CA#CA#60#-96#CA;KILL#10##2#North Dakota, United States#US#USND#47.5362#-99.793#ND;AFFECT#712##2#Alaska, United States#US#USAK#61.385#-152.268#AK;"
https://www.msn.com/en-ca/news/canada/george-floyd-protests-anti-racism-demonstrations-set-to-continue-across-canada/ar-BB157SbI,"KILL#8##4#Ottawa, Ontario, Canada#CA#CA08#45.4167#-75.7#-570760;CRISISLEX_T03_DEAD#8##4#Ottawa, Ontario, Canada#CA#CA08#45.4167#-75.7#-570760;ARREST#8##4#Ottawa, Ontario, Canada#CA#CA08#45.4167#-75.7#-570760;CRISISLEX_CRISISLEXREC#8##4#Ottawa, Ontario, Canada#CA#CA08#45.4167#-75.7#-570760;PROTEST#2000##4#Toronto, Ontario, Canada#CA#CA08#43.6667#-79.4167#-574890;TAX_FNCACT_DEMONSTRATORS#2000##4#Toronto, Ontario, Canada#CA#CA08#43.6667#-79.4167#-574890;"
https://www.theglobeandmail.com/canada/article-rcmp-killings-of-indigenous-people-intensify-calls-for-police-reform/,"KILL#6#Indigenous#4#Edmundston, New Brunswick, Canada#CA#CA04#47.3667#-68.3333#-564067;CRISISLEX_T03_DEAD#6#Indigenous#4#Edmundston, New Brunswick, Canada#CA#CA04#47.3667#-68.3333#-564067;"
https://panow.com/2020/06/17/police-shootings-new-brunswick-premier-to-meet-with-first-nations-chiefs/,KILL#2##1#Canada#CA#CA#60#-96#CA;
https://medicinehatnews.com/news/national-news/2020/10/11/quebec-police-say-suspect-arrested-after-two-children-found-dead-in-wendake/,"KILL#2#children#1#Canada#CA#CA#60#-96#CA;CRISISLEX_CRISISLEXREC#2#children#1#Canada#CA#CA#60#-96#CA;CRISISLEX_T02_INJURED#2#children#1#Canada#CA#CA#60#-96#CA;CRISISLEX_T03_DEAD#2#children#1#Canada#CA#CA#60#-96#CA;CRISISLEX_T03_DEAD#2#children#1#Canada#CA#CA#60#-96#CA;KILL#2##4#Quebec, Quebec, Canada#CA#CA10#47.5#-72#-571850;"
https://www.chrisd.ca/2020/01/17/jaeda-vanderwal-indigenous-woman-family-probe-death/,"KILL#2##4#Winnipeg, Manitoba, Canada#CA#CA03#49.8833#-97.1667#-576096;CRISISLEX_T03_DEAD#2##4#Winnipeg, Manitoba, Canada#CA#CA03#49.8833#-97.1667#-576096;"
https://www.cbc.ca/news/canada/new-brunswick/ned-bear-wood-carvings-1.5409472,KILL#65##1#Canada#CA#CA#60#-96#CA;CRISISLEX_T03_DEAD#65##1#Canada#CA#CA#60#-96#CA;
https://medicinehatnews.com/news/national-news/2020/01/16/family-of-indigenous-woman-critical-of-winnipeg-police-probe-into-her-death/,"KILL#2##4#Winnipeg, Manitoba, Canada#CA#CA03#49.8833#-97.1667#-576096;CRISISLEX_T03_DEAD#2##4#Winnipeg, Manitoba, Canada#CA#CA03#49.8833#-97.1667#-576096;"
https://www.castanet.net/news/Canada/312472/Advocates-marking-MMIW-remembrance-day-note-death-of-Indigenous-woman-in-hospital,"KILL#70##4#Montreal, Quebec, Canada#CA#CA10#45.5#-73.5833#-569541;CRISISLEX_T03_DEAD#70##4#Montreal, Quebec, Canada#CA#CA10#45.5#-73.5833#-569541;"
https://www.theglobeandmail.com/opinion/article-reconciliation-isnt-dead-it-never-truly-existed/,"KILL#2013##1#Canada#CA#CA#60#-96#CA;KILL#2000##1#Canada#CA#CA#60#-96#CA;ARREST#2013#folks#4#Kingfisher Lake, Ontario, Canada#CA#CA08#53.0833#-89.8333#-567274;"
https://ottawacitizen.com/opinion/columnists/morley-whats-the-future-for-a-canadian-child-born-in-2020,KILL#24000#children#1#Canada#CA#CA#60#-96#CA;CRISISLEX_T03_DEAD#24000#children#1#Canada#CA#CA#60#-96#CA;
https://www.castanetkamloops.net/news/BC/488660/First-Nations-leader-says-little-change-for-women-s-safety-since-Pickton-murders,"KILL#49##4#Port Coquitlam, British Columbia, Canada#CA#CA02#49.2667#-122.783#-571568;CRISISLEX_T03_DEAD#49##4#Port Coquitlam, British Columbia, Canada#CA#CA02#49.2667#-122.783#-571568;"
https://lethbridgeherald.com/news/national-news/2020/01/16/family-of-indigenous-woman-critical-of-winnipeg-police-probe-into-her-death/,"KILL#2##4#Winnipeg, Manitoba, Canada#CA#CA03#49.8833#-97.1667#-576096;CRISISLEX_T03_DEAD#2##4#Winnipeg, Manitoba, Canada#CA#CA03#49.8833#-97.1667#-576096;"
https://www.theglobeandmail.com/politics/article-rcmp-commissioner-faces-grilling-on-systemic-racism/,"KILL#36##4#Toronto, Ontario, Canada#CA#CA08#43.6667#-79.4167#-574890;"
https://www.theglobeandmail.com/politics/article-rcmp-commissioner-seeks-to-revive-morale-among-mounties/,KILL#61#shot#1#Canada#CA#CA#60#-96#CA;KILL#61#shot#1#Canada#CA#CA#60#-96#CA;
https://lethbridgeherald.com/news/national-news/2020/01/06/poems-by-man-who-killed-indigenous-woman-removed-from-parliamentary-website/,KILL#2#poems#1#Canada#CA#CA#60#-96#CA;CRISISLEX_T03_DEAD#2#poems#1#Canada#CA#CA#60#-96#CA;
https://www.prokerala.com/news/articles/a1078009.html,KILL#19##1#Canada#CA#CA#60#-96#CA;CRISISLEX_T03_DEAD#19##1#Canada#CA#CA#60#-96#CA;
https://www.bbc.co.uk/news/world-us-canada-53954965,"KILL#19##4#Montreal, Quebec, Canada#CA#CA10#45.5#-73.5833#-569541;CRISISLEX_T03_DEAD#19##4#Montreal, Quebec, Canada#CA#CA10#45.5#-73.5833#-569541;"
https://www.castanet.net/news/Canada/302965/Metis-minister-revolted-by-police-brutality-against-indigenous,"KILL#2#indigenous#4#Edmundston, New Brunswick, Canada#CA#CA04#47.3667#-68.3333#-564067;CRISISLEX_CRISISLEXREC#2#indigenous#4#Edmundston, New Brunswick, Canada#CA#CA04#47.3667#-68.3333#-564067;CRISISLEX_T02_INJURED#2#indigenous#4#Edmundston, New Brunswick, Canada#CA#CA04#47.3667#-68.3333#-564067;CRISISLEX_T03_DEAD#2#indigenous#4#Edmundston, New Brunswick, Canada#CA#CA04#47.3667#-68.3333#-564067;CRISISLEX_T03_DEAD#2#indigenous#4#Edmundston, New Brunswick, Canada#CA#CA04#47.3667#-68.3333#-564067;"
https://www.castanet.net/edition/news-story-278136-4-.htm,KILL#2000##1#Canada#CA#CA#60#-96#CA;CRISISLEX_T03_DEAD#2000##1#Canada#CA#CA#60#-96#CA;
https://www.theglobeandmail.com/canada/alberta/article-kenney-rejects-ndp-call-to-fire-speech-writer-who-called-residential/,KILL#2000#children#1#Canada#CA#CA#60#-96#CA;CRISISLEX_T03_DEAD#2000#children#1#Canada#CA#CA#60#-96#CA;KILL#800#children#1#Canada#CA#CA#60#-96#CA;CRISISLEX_T03_DEAD#800#children#1#Canada#CA#CA#60#-96#CA;KILL#800##1#Canada#CA#CA#60#-96#CA;KILL#600##1#Canada#CA#CA#60#-96#CA;CRISISLEX_T03_DEAD#600##1#Canada#CA#CA#60#-96#CA;
https://www.cbc.ca/books/21-middle-grade-and-ya-books-to-read-in-spring-2020-1.5497317,"AFFECT#9#Auntieis#1#Canada#CA#CA#60#-96#CA;KILL#7##4#Toronto, Ontario, Canada#CA#CA08#43.6667#-79.4167#-574890;"
https://www.theglobeandmail.com/canada/article-newfoundland-and-labrador-reinstates-aquaculture-licences-after-mass/,KILL#6000000#salmon#1#Canada#CA#CA#60#-96#CA;CRISISLEX_T03_DEAD#6000000#salmon#1#Canada#CA#CA#60#-96#CA;
https://theturtleislandnews.com/index.php/2020/06/23/senate-committee-says-beyak-has-learned-recommends-suspension-be-rescinded/,KILL#2000##1#Canada#CA#CA#60#-96#CA;CRISISLEX_T03_DEAD#2000##1#Canada#CA#CA#60#-96#CA;
https://edmontonsun.com/news/national/canadians-killed-in-iran-plan-crash-include-university-profs-students/wcm/56e97dcf-ab4e-4a1f-9436-7f8494dd86a5,"KILL#63#Canadians#1#Iran#IR#IR#32#53#IR;CRISISLEX_T03_DEAD#63#Canadians#1#Iran#IR#IR#32#53#IR;KILL#737##1#Ukraine#UP#UP#49#32#UP;CRISISLEX_T03_DEAD#737##1#Ukraine#UP#UP#49#32#UP;KILL#30#Edmontonians#4#Tehran, Tehran, Iran#IR#IR26#35.75#51.5148#10074674;CRISISLEX_T03_DEAD#30#Edmontonians#4#Tehran, Tehran, Iran#IR#IR26#35.75#51.5148#10074674;AFFECT#1##1#Iran#IR#IR#32#53#IR;KILL#4##4#London, London, City Of, United Kingdom#UK#UKH9#51.5#-0.116667#-2601889;CRISISLEX_CRISISLEXREC#4##4#London, London, City Of, United Kingdom#UK#UKH9#51.5#-0.116667#-2601889;CRISISLEX_T02_INJURED#4##4#London, London, City Of, United Kingdom#UK#UKH9#51.5#-0.116667#-2601889;CRISISLEX_T03_DEAD#4##4#London, London, City Of, United Kingdom#UK#UKH9#51.5#-0.116667#-2601889;CRISISLEX_T03_DEAD#4##4#London, London, City Of, United Kingdom#UK#UKH9#51.5#-0.116667#-2601889;KILL#268#Canadians#1#Canada#CA#CA#60#-96#CA;KILL#30##1#Canada#CA#CA#60#-96#CA;CRISISLEX_T03_DEAD#30##1#Canada#CA#CA#60#-96#CA;KILL#268#Canadians#1#Iran#IR#IR#32#53#IR;CRISISLEX_T03_DEAD#268#Canadians#1#Iran#IR#IR#32#53#IR;KILL#67#Canadians#1#Canada#CA#CA#60#-96#CA;CRISISLEX_T03_DEAD#67#Canadians#1#Canada#CA#CA#60#-96#CA;KILL#63#Canadians#1#India#IN#IN#20#77#IN;CRISISLEX_T03_DEAD#63#Canadians#1#India#IN#IN#20#77#IN;KILL#58#Canadians#4#London, London, City Of, United Kingdom#UK#UKH9#51.5#-0.116667#-2601889;CRISISLEX_T03_DEAD#58#Canadians#4#London, London, City Of, United Kingdom#UK#UKH9#51.5#-0.116667#-2601889;KILL#48#Canadians#1#Canada#CA#CA#60#-96#CA;CRISISLEX_T03_DEAD#48#Canadians#1#Canada#CA#CA#60#-96#CA;KILL#47#Canadians#1#Canada#CA#CA#60#-96#CA;CRISISLEX_T03_DEAD#47#Canadians#1#Canada#CA#CA#60#-96#CA;KILL#32#Canadians#1#Canada#CA#CA#60#-96#CA;CRISISLEX_T03_DEAD#32#Canadians#1#Canada#CA#CA#60#-96#CA;"
https://www.niagarafallsreview.ca/opinion/contributors/2020/07/07/indigenous-peoples-are-more-than-feathers-and-drums.html,KILL#2014##1#Canada#CA#CA#60#-96#CA;
https://edmonton.ctvnews.ca/fort-chipewyan-s-stop-signs-now-in-cree-dene-and-english-1.5209982,KILL#89#students#1#Canada#CA#CA#60#-96#CA;CRISISLEX_T03_DEAD#89#students#1#Canada#CA#CA#60#-96#CA;
https://www.sapiens.org/language/language-revitalization/,KILL#2014##1#Bolivia#BL#BL#-17#-65#BL;CRISISLEX_T03_DEAD#2014##1#Bolivia#BL#BL#-17#-65#BL;PROTEST#30#group gathered#1#New Zealand#NZ#NZ#-42#174#NZ;TAX_FNCACT_ACTIVIST#30#group gathered#1#New Zealand#NZ#NZ#-42#174#NZ;PROTEST#6#Daniel B xF#1#Canada#CA#CA#60#-96#CA;TAX_FNCACT_ACTIVIST#6#Daniel B xF#1#Canada#CA#CA#60#-96#CA;
https://www.cbc.ca/radio/unreserved/death-and-dying-how-indigenous-communities-grieve-survive-and-thrive-1.5441767,"KILL#4##4#Toronto, Ontario, Canada#CA#CA08#43.6667#-79.4167#-574890;CRISISLEX_T03_DEAD#4##4#Toronto, Ontario, Canada#CA#CA08#43.6667#-79.4167#-574890;"
https://ca.news.yahoo.com/awards-created-memory-young-b-173048209.html,"KILL#157##4#Addis Ababa, (Et10), Ethiopia#ET#ET10#9.03333#38.7#-603097;PROTEST#30##1#Canada#CA#CA#60#-96#CA;"
https://www.thestar.com/news/canada/2020/01/17/teen-in-government-care-believed-to-have-frozen-to-death-in-alberta.html,"KILL#58##4#Rocky Mountain House, Alberta, Canada#CA#CA01#52.3667#-114.917#-572408;WOUND#11##4#Rocky Mountain House, Alberta, Canada#CA#CA01#52.3667#-114.917#-572408;CRISISLEX_CRISISLEXREC#11##4#Rocky Mountain House, Alberta, Canada#CA#CA01#52.3667#-114.917#-572408;CRISISLEX_C03_WELLBEING_HEALTH#11##4#Rocky Mountain House, Alberta, Canada#CA#CA01#52.3667#-114.917#-572408;CRISISLEX_T02_INJURED#11##4#Rocky Mountain House, Alberta, Canada#CA#CA01#52.3667#-114.917#-572408;"
http://www.kelownadailycourier.ca/news/national_news/article_868873e6-77f8-5c15-a4c5-c22e10467fe5.html,KILL#2000000000#und established#1#Canada#CA#CA#60#-96#CA;
https://www.niagarafallsreview.ca/ts/news/canada/2020/09/07/it-is-urgent-mmiwg-commissioner-calls-for-indigenous-bodies-to-oversee-police-in-canada.html,"ARREST#9#Floyd#1#United States#US#US#39.828175#-98.5795#US;CRISISLEX_CRISISLEXREC#9#Floyd#1#United States#US#US#39.828175#-98.5795#US;KILL#2#Indigenous#4#Quebec, Quebec, Canada#CA#CA10#47.5#-72#-571850;CRISISLEX_T03_DEAD#2#Indigenous#4#Quebec, Quebec, Canada#CA#CA10#47.5#-72#-571850;"
https://infotel.ca/newsitem/kenney-indigenous/cp1697227425,KILL#2000000000#und established#1#Canada#CA#CA#60#-96#CA;
https://theconversation.com/residential-school-literature-can-teach-the-colonial-present-and-imagine-better-futures-120383,AFFECT#7#Indigenous young#1#Canada#CA#CA#60#-96#CA;KILL#7#youth#1#Canada#CA#CA#60#-96#CA;KILL#9##1#Canada#CA#CA#60#-96#CA;
https://globalnews.ca/news/7065708/roy-little-chief-siksika-first-nation-dead/,"KILL#81##4#Queens, New Brunswick, Canada#CA#CA04#45.8333#-66#-571868;CRISISLEX_T03_DEAD#81##4#Queens, New Brunswick, Canada#CA#CA04#45.8333#-66#-571868;"
https://globalnews.ca/news/6285980/sask-first-nations-child-welfare/,"KILL#25#children#4#Ottawa, Ontario, Canada#CA#CA08#45.4167#-75.7#-570760;CRISISLEX_T03_DEAD#25#children#4#Ottawa, Ontario, Canada#CA#CA08#45.4167#-75.7#-570760;CRISISLEX_T03_DEAD#25#children#4#Ottawa, Ontario, Canada#CA#CA08#45.4167#-75.7#-570760;KILL#25#children#4#Ottawa, Ontario, Canada#CA#CA08#45.4167#-75.7#-570760;CRISISLEX_T03_DEAD#25#children#4#Ottawa, Ontario, Canada#CA#CA08#45.4167#-75.7#-570760;CRISISLEX_T03_DEAD#25#children#4#Ottawa, Ontario, Canada#CA#CA08#45.4167#-75.7#-570760;"
https://globalnews.ca/news/10516673/robert-picton-victims/,"KILL#49##4#Port Coquitlam, British Columbia, Canada#CA#CA02#49.2667#-122.783#-571568;CRISISLEX_T03_DEAD#49##4#Port Coquitlam, British Columbia, Canada#CA#CA02#49.2667#-122.783#-571568;PROTEST#53#Families#4#Port Coquitlam, British Columbia, Canada#CA#CA02#49.2667#-122.783#-571568;"
https://bc.ctvnews.ca/it-hurts-first-nations-leader-says-little-change-for-women-s-safety-since-pickton-murders-1.6896051,"KILL#49##4#Port Coquitlam, British Columbia, Canada#CA#CA02#49.2667#-122.783#-571568;CRISISLEX_T03_DEAD#49##4#Port Coquitlam, British Columbia, Canada#CA#CA02#49.2667#-122.783#-571568;"
https://saskatoon.ctvnews.ca/fsin-calls-for-1-8-b-to-implement-child-welfare-bill-1.4762121,KILL#8000000000##1#Canada#CA#CA#60#-96#CA;
http://theconcordian.com/2020/10/putting-the-lib-in-glib/,KILL#10##1#Canada#CA#CA#60#-96#CA;CRISISLEX_T03_DEAD#10##1#Canada#CA#CA#60#-96#CA;
https://www.cbc.ca/news/politics/miller-fishery-dispute-1.5763402,"KILL#200##4#Ottawa, Ontario, Canada#CA#CA08#45.4167#-75.7#-570760;CRISISLEX_CRISISLEXREC#200##4#Ottawa, Ontario, Canada#CA#CA08#45.4167#-75.7#-570760;CRISISLEX_T02_INJURED#200##4#Ottawa, Ontario, Canada#CA#CA08#45.4167#-75.7#-570760;CRISISLEX_T03_DEAD#200##4#Ottawa, Ontario, Canada#CA#CA08#45.4167#-75.7#-570760;CRISISLEX_T03_DEAD#200##4#Ottawa, Ontario, Canada#CA#CA08#45.4167#-75.7#-570760;ARREST#2014##1#Canada#CA#CA#60#-96#CA;CRISISLEX_C07_SAFETY#2014##1#Canada#CA#CA#60#-96#CA;"
https://www.thewhig.com/news/local-news/lovelace-featured-at-first-of-four-queens-indigenous-solidarity-conversations,KILL#4##1#Canada#CA#CA#60#-96#CA;
http://www.carillonregina.com/round-dance-held-to-remind-administration-who-they-harmed-with-clarke-invitation/,"KILL#12##4#Saskatchewan, Manitoba, Canada#CA#CA03#52.15#-97.7167#-575075;"
https://www.humboldtjournal.ca/joyce-echaquan-s-death-highlights-systemic-racism-in-health-care-experts-say-1.24214944,"KILL#7##4#Quebec, Quebec, Canada#CA#CA10#47.5#-72#-571850;CRISISLEX_T03_DEAD#7##4#Quebec, Quebec, Canada#CA#CA10#47.5#-72#-571850;"
https://infotel.ca/newsitem/mba-death-investigation/cp361587624,"KILL#2##4#Winnipeg, Manitoba, Canada#CA#CA03#49.8833#-97.1667#-576096;CRISISLEX_T03_DEAD#2##4#Winnipeg, Manitoba, Canada#CA#CA03#49.8833#-97.1667#-576096;"
https://www.cbc.ca/news/canada/manitoba/jaeda-vanderwal-death-family-winnipeg-police-probe-1.5430286,"KILL#2##4#Winnipeg, Manitoba, Canada#CA#CA03#49.8833#-97.1667#-576096;CRISISLEX_T03_DEAD#2##4#Winnipeg, Manitoba, Canada#CA#CA03#49.8833#-97.1667#-576096;KILL#2##4#Sandy Bay, Saskatchewan, Canada#CA#CA11#59.1#-109.417#-573158;CRISISLEX_T03_DEAD#2##4#Sandy Bay, Saskatchewan, Canada#CA#CA11#59.1#-109.417#-573158;"
http://www.kelownadailycourier.ca/news/national_news/article_b9cb2c44-bd0f-5d65-9a6a-7c971f572d26.html,"KILL#2##4#Winnipeg, Manitoba, Canada#CA#CA03#49.8833#-97.1667#-576096;CRISISLEX_T03_DEAD#2##4#Winnipeg, Manitoba, Canada#CA#CA03#49.8833#-97.1667#-576096;"
https://infotel.ca/newsitem/amber-alert-criticism/cp1535254891,"KIDNAP#18##1#Canada#CA#CA#60#-96#CA;KILL#22##4#Cape Breton, Nova Scotia, Canada#CA#CA07#45.95#-59.7833#-561613;"
https://kractivist.org/36-year-old-iranian-scientist-ghanimat-azhdari-spent-her-life-fighting-for-indigenous-voices-in-conservation/,"KILL#752##4#Guelph, Ontario, Canada#CA#CA08#43.55#-80.25#-565712;CRISISLEX_T03_DEAD#752##4#Guelph, Ontario, Canada#CA#CA08#43.55#-80.25#-565712;KILL#175##1#Ukraine#UP#UP#49#32#UP;CRISISLEX_T03_DEAD#175##1#Ukraine#UP#UP#49#32#UP;KILL#176##1#Ukraine#UP#UP#49#32#UP;CRISISLEX_T03_DEAD#176##1#Ukraine#UP#UP#49#32#UP;"
https://www.cbc.ca/news/canada/north/moose-management-fred-tomatuk-cree-algonquin-verna-polson-1.5426151,"KILL#9#moose#4#Waswanipi, Quebec, Canada#CA#CA10#49.65#-76.4833#-575606;CRISISLEX_T03_DEAD#9#moose#4#Waswanipi, Quebec, Canada#CA#CA10#49.65#-76.4833#-575606;"
https://globalnews.ca/news/6629111/indigenous-artifacts-kitchener-road-closure/,"KILL#9#revealed#4#Waterloo, Ontario, Canada#CA#CA08#43.4667#-80.5333#-575624;"
https://vancouverisland.ctvnews.ca/grizzly-bear-death-prompts-call-for-changes-to-wildlife-act-1.4764126,"KILL#4##4#Alert Bay, British Columbia, Canada#CA#CA02#50.5833#-126.917#-560015;CRISISLEX_T03_DEAD#4##4#Alert Bay, British Columbia, Canada#CA#CA02#50.5833#-126.917#-560015;KILL#2000##4#Alert Bay, British Columbia, Canada#CA#CA02#50.5833#-126.917#-560015;"
https://www.internetsociety.org/blog/2020/10/launching-the-first-ever-virtual-indigenous-connectivity-summit/,"KILL#19##4#Inuvik, Northwest Territories, Canada#CA#CA13#68.35#-133.7#-566625;"
https://vancouversun.com/opinion/op-ed/robin-junger-b-c-s-new-undrip-act-more-questions-than-answers,KILL#7##1#Canada#CA#CA#60#-96#CA;
https://theprovince.com/opinion/letters/letters-to-the-editor-june-22/wcm/9ec0d9f7-3a93-453d-a20f-019d6f4ef51b,"KILL#8#First Nations men#4#Battleford, Saskatchewan, Canada#CA#CA11#52.7667#-108.3#-560761;"
https://infotel.ca/newsitem/cda-us-protests-indigenous/cp1804700255,PROTEST#2##1#Canada#CA#CA#60#-96#CA;KILL#2##1#Canada#CA#CA#60#-96#CA;
http://www.capebretonpost.com/lifestyles/local-lifestyles/indigenous-peoples-day-celebrating-canadas-first-peoples-464424/,KILL#500#lost#1#United Kingdom#UK#UK#54#-4#UK;AFFECT#800000000##1#Canada#CA#CA#60#-96#CA;CRISISLEX_T02_INJURED#800000000##1#Canada#CA#CA#60#-96#CA;
http://www.mitbbs.com/article_t/Military/57299267.html,KILL#2000000##1#Canada#CA#CA#60#-96#CA;CRISISLEX_CRISISLEXREC#2000000##1#Canada#CA#CA#60#-96#CA;CRISISLEX_T02_INJURED#2000000##1#Canada#CA#CA#60#-96#CA;CRISISLEX_T03_DEAD#2000000##1#Canada#CA#CA#60#-96#CA;CRISISLEX_T03_DEAD#2000000##1#Canada#CA#CA#60#-96#CA;KILL#4##1#United States#US#US#39.828175#-98.5795#US;TERROR#4##1#United States#US#US#39.828175#-98.5795#US;ARMEDCONFLICT#4##1#United States#US#US#39.828175#-98.5795#US;
https://www.thestar.com/opinion/star-columnists/2020/01/07/the-injustice-to-pamela-george-continues-long-after-her-murder.html,KILL#2##1#Canada#CA#CA#60#-96#CA;ARREST#3##1#Mexico#MX#MX#23#-102#MX;SOC_POINTSOFINTEREST_JAIL#3##1#Mexico#MX#MX#23#-102#MX;
https://calgarysun.com/news/national/lynn-beyak-suspended-from-senate-again-despite-apology-for-posting-offensive-letters/wcm/75dced84-9288-48c4-aa29-934052d57998,"KILL#2000##4#Ottawa, Ontario, Canada#CA#CA08#45.4167#-75.7#-570760;CRISISLEX_T03_DEAD#2000##4#Ottawa, Ontario, Canada#CA#CA08#45.4167#-75.7#-570760;"
http://www.kelownadailycourier.ca/news/national_news/article_56049834-0ecc-5c53-a1d9-ce38b8fb02ff.html,KILL#2000##1#Canada#CA#CA#60#-96#CA;CRISISLEX_T03_DEAD#2000##1#Canada#CA#CA#60#-96#CA;
https://winnipeg.ctvnews.ca/inuit-pop-singer-songwriter-kelly-fraser-dead-at-26-1.4745014,"KILL#26##4#Sanikiluaq, Nunavut, Canada#CA#CA14#56.5333#-79.2333#448969;CRISISLEX_T03_DEAD#26##4#Sanikiluaq, Nunavut, Canada#CA#CA14#56.5333#-79.2333#448969;"
https://www.cbc.ca/news/canada/north/inuit-nunavut-rcmp-allegations-violence-racism-1.5599557,KILL#3#coroner inquests#1#Canada#CA#CA#60#-96#CA;
https://www.rcinet.ca/eye-on-the-arctic/2020/06/08/inuit-women-in-canadas-arctic-suffer-unnecessary-violence-from-police-legal-aid-board-says/,KILL#3#coroner inquests#1#Canada#CA#CA#60#-96#CA;
https://montrealgazette.com/opinion/opinion-decolonizing-indigenous-health-care-in-quebec/wcm/5ee5c433-c6cf-4830-9523-9fe2b00c5e19/,"KILL#17##4#Quebec, Quebec, Canada#CA#CA10#47.5#-72#-571850;"
https://nowtoronto.com/culture/art-and-design/nadya-kwandibens-concrete-indians-ryerson-mural,ARREST#3##1#Canada#CA#CA#60#-96#CA;SOC_GENERALCRIME#3##1#Canada#CA#CA#60#-96#CA;CRISISLEX_C07_SAFETY#3##1#Canada#CA#CA#60#-96#CA;PROTEST#3##1#Canada#CA#CA#60#-96#CA;MOVEMENT_GENERAL#3##1#Canada#CA#CA#60#-96#CA;TAX_FNCACT_ACTIVISTS#3##1#Canada#CA#CA#60#-96#CA;KILL#3##1#Canada#CA#CA#60#-96#CA;PROTEST#3##1#Canada#CA#CA#60#-96#CA;
https://pagesix.com/2020/01/25/canada-isnt-as-great-as-prince-harry-and-meghan-markle-think-heres-why/,"KILL#24##1#Canada#CA#CA#60#-96#CA;AFFECT#50##2#New York, United States#US#USNY#42.1497#-74.9384#NY;"
https://edmontonsun.com/news/local-news/siksika-elder-and-well-known-activist-for-indigenous-communities-dies/wcm/54e67c87-36d1-456f-86db-8867b5d85c87,"KILL#81##4#North Battleford, Saskatchewan, Canada#CA#CA11#52.7667#-108.283#-570278;CRISISLEX_T03_DEAD#81##4#North Battleford, Saskatchewan, Canada#CA#CA11#52.7667#-108.283#-570278;"
https://www.thereminder.ca/max-gros-louis-longtime-leader-of-huron-wendat-first-nation-dead-at-89-1.24239499,KILL#89##1#Canada#CA#CA#60#-96#CA;CRISISLEX_T03_DEAD#89##1#Canada#CA#CA#60#-96#CA;
https://www.cbc.ca/news/canada/calgary/chief-crowfoot-five-dollar-bill-1.5796191,"KILL#5##4#Hudson Bay, Saskatchewan, Canada#CA#CA11#52.85#-102.383#-566434;CRISISLEX_T03_DEAD#5##4#Hudson Bay, Saskatchewan, Canada#CA#CA11#52.85#-102.383#-566434;ARREST#2014##1#Canada#CA#CA#60#-96#CA;SOC_GENERALCRIME#2014##1#Canada#CA#CA#60#-96#CA;CRISISLEX_C07_SAFETY#2014##1#Canada#CA#CA#60#-96#CA;"
https://calgaryherald.com/news/local-news/siksika-elder-and-well-known-activist-for-indigenous-communities-dies/wcm/dbeed285-d836-4289-9566-b69507637c45/,KILL#81##1#Canada#CA#CA#60#-96#CA;CRISISLEX_T03_DEAD#81##1#Canada#CA#CA#60#-96#CA;
https://edmontonsun.com/news/national/new-brunswick-indigenous-man-is-victim-of-rcmp-involved-fatal-shooting-chief/wcm/bcc9f29d-5641-40de-b13c-52904d8d3287,"KILL#9##4#Edmundston, New Brunswick, Canada#CA#CA04#47.3667#-68.3333#-564067;CRISISLEX_CRISISLEXREC#9##4#Edmundston, New Brunswick, Canada#CA#CA04#47.3667#-68.3333#-564067;CRISISLEX_T02_INJURED#9##4#Edmundston, New Brunswick, Canada#CA#CA04#47.3667#-68.3333#-564067;CRISISLEX_T03_DEAD#9##4#Edmundston, New Brunswick, Canada#CA#CA04#47.3667#-68.3333#-564067;CRISISLEX_T03_DEAD#9##4#Edmundston, New Brunswick, Canada#CA#CA04#47.3667#-68.3333#-564067;"
http://www.kelownadailycourier.ca/news/national_news/article_2cdfa5ac-529d-544d-bd4d-ec6d1a004d97.html,"KILL#9##4#Edmundston, New Brunswick, Canada#CA#CA04#47.3667#-68.3333#-564067;CRISISLEX_CRISISLEXREC#9##4#Edmundston, New Brunswick, Canada#CA#CA04#47.3667#-68.3333#-564067;CRISISLEX_T02_INJURED#9##4#Edmundston, New Brunswick, Canada#CA#CA04#47.3667#-68.3333#-564067;CRISISLEX_T03_DEAD#9##4#Edmundston, New Brunswick, Canada#CA#CA04#47.3667#-68.3333#-564067;CRISISLEX_T03_DEAD#9##4#Edmundston, New Brunswick, Canada#CA#CA04#47.3667#-68.3333#-564067;"
https://nationalpost.com/news/canada/new-brunswick-indigenous-man-is-victim-of-rcmp-involved-fatal-shooting-chief,"KILL#9##4#Quebec, Quebec, Canada#CA#CA10#47.5#-72#-571850;CRISISLEX_CRISISLEXREC#9##4#Quebec, Quebec, Canada#CA#CA10#47.5#-72#-571850;CRISISLEX_T02_INJURED#9##4#Quebec, Quebec, Canada#CA#CA10#47.5#-72#-571850;CRISISLEX_T03_DEAD#9##4#Quebec, Quebec, Canada#CA#CA10#47.5#-72#-571850;CRISISLEX_T03_DEAD#9##4#Quebec, Quebec, Canada#CA#CA10#47.5#-72#-571850;"
https://www.estevanmercury.ca/new-brunswick-indigenous-man-is-victim-of-rcmp-involved-fatal-shooting-chief-1.24152596,"KILL#9##4#Quebec, Quebec, Canada#CA#CA10#47.5#-72#-571850;CRISISLEX_CRISISLEXREC#9##4#Quebec, Quebec, Canada#CA#CA10#47.5#-72#-571850;CRISISLEX_T02_INJURED#9##4#Quebec, Quebec, Canada#CA#CA10#47.5#-72#-571850;CRISISLEX_T03_DEAD#9##4#Quebec, Quebec, Canada#CA#CA10#47.5#-72#-571850;CRISISLEX_T03_DEAD#9##4#Quebec, Quebec, Canada#CA#CA10#47.5#-72#-571850;"
https://www.cbc.ca/news/canada/sudbury/gary-potts-temagami-death-1.5598101,KILL#1980##1#Canada#CA#CA#60#-96#CA;CRISISLEX_T03_DEAD#1980##1#Canada#CA#CA#60#-96#CA;
http://www.pentictonherald.ca/news/national_news/article_a0f4de72-9d46-569f-9491-61b8a594b64d.html,KILL#9##1#Canada#CA#CA#60#-96#CA;CRISISLEX_CRISISLEXREC#9##1#Canada#CA#CA#60#-96#CA;CRISISLEX_T02_INJURED#9##1#Canada#CA#CA#60#-96#CA;CRISISLEX_T03_DEAD#9##1#Canada#CA#CA#60#-96#CA;CRISISLEX_T03_DEAD#9##1#Canada#CA#CA#60#-96#CA;
https://globalnews.ca/news/7068599/first-nations-chiefs-police-reforms-shooting/,"KILL#2#Indigenous#4#Quebec, Quebec, Canada#CA#CA10#47.5#-72#-571850;CRISISLEX_T03_DEAD#2#Indigenous#4#Quebec, Quebec, Canada#CA#CA10#47.5#-72#-571850;"
https://winnipeg.ctvnews.ca/amc-calls-for-police-commission-investigation-into-recent-officer-involved-shootings-1.4907470,"KILL#3#young#4#Winnipeg, Manitoba, Canada#CA#CA03#49.8833#-97.1667#-576096;"
https://atlantic.ctvnews.ca/child-poverty-in-maritimes-shows-little-improvement-report-reveals-1.4769564,"KILL#6##4#Prince Edward Island, Prince Edward Island, Canada#CA#CA09#46.3333#-63.5#-571727;"
https://www.cjme.com/2020/06/05/ndp-calls-on-province-to-do-more-for-indigenous-children-in-care/,"KILL#29##4#Saskatchewan, Manitoba, Canada#CA#CA03#52.15#-97.7167#-575075;"
https://www.bowenislandundercurrent.com/orange-shirt-day-event-to-honour-residential-school-survivors-online-wednesday-1.24212128,KILL#201#children#1#Canada#CA#CA#60#-96#CA;CRISISLEX_T03_DEAD#201#children#1#Canada#CA#CA#60#-96#CA;
http://www.piquenewsmagazine.com/national-news/all-of-quebec-is-devastated-legault-says-after-two-children-found-dead-in-wendake-2784273,"KILL#2#children#4#Quebec, Quebec, Canada#CA#CA10#47.5#-72#-571850;CRISISLEX_CRISISLEXREC#2#children#4#Quebec, Quebec, Canada#CA#CA10#47.5#-72#-571850;CRISISLEX_T02_INJURED#2#children#4#Quebec, Quebec, Canada#CA#CA10#47.5#-72#-571850;CRISISLEX_T03_DEAD#2#children#4#Quebec, Quebec, Canada#CA#CA10#47.5#-72#-571850;CRISISLEX_T03_DEAD#2#children#4#Quebec, Quebec, Canada#CA#CA10#47.5#-72#-571850;KILL#2#children#4#Quebec, Quebec, Canada#CA#CA10#47.5#-72#-571850;CRISISLEX_CRISISLEXREC#2#children#4#Quebec, Quebec, Canada#CA#CA10#47.5#-72#-571850;CRISISLEX_T02_INJURED#2#children#4#Quebec, Quebec, Canada#CA#CA10#47.5#-72#-571850;CRISISLEX_T03_DEAD#2#children#4#Quebec, Quebec, Canada#CA#CA10#47.5#-72#-571850;CRISISLEX_T03_DEAD#2#children#4#Quebec, Quebec, Canada#CA#CA10#47.5#-72#-571850;KILL#2##4#Quebec, Quebec, Canada#CA#CA10#47.5#-72#-571850;"
http://easternontarionetwork.com/index.php/2020/01/09/what-we-know-about-the-iran-plane-crash-victims-who-were-headed-to-canada/,"KILL#752##1#Canada#CA#CA#60#-96#CA;CRISISLEX_T03_DEAD#752##1#Canada#CA#CA#60#-96#CA;KILL#176##4#Kyiv, Kyyiv, Misto, Ukraine#UP#UP12#50.4333#30.5167#-1044367;CRISISLEX_T03_DEAD#176##4#Kyiv, Kyyiv, Misto, Ukraine#UP#UP12#50.4333#30.5167#-1044367;KILL#12##1#Canada#CA#CA#60#-96#CA;CRISISLEX_T03_DEAD#12##1#Canada#CA#CA#60#-96#CA;KILL#7##1#Iran#IR#IR#32#53#IR;CRISISLEX_T03_DEAD#7##1#Iran#IR#IR#32#53#IR;KILL#176##1#Iran#IR#IR#32#53#IR;KILL#3##1#Iran#IR#IR#32#53#IR;CRISISLEX_T03_DEAD#3##1#Iran#IR#IR#32#53#IR;KILL#10#student Maya Zibaie#1#Canada#CA#CA#60#-96#CA;CRISISLEX_T03_DEAD#10#student Maya Zibaie#1#Canada#CA#CA#60#-96#CA;"
https://www.globalcitizen.org/en/content/canada-gender-equality-164-years/,"KILL#2##4#Beijing, Beijing, China#CH#CH22#39.9289#116.388#-1898541;KILL#3#women#4#Toronto, Ontario, Canada#CA#CA08#43.6667#-79.4167#-574890;KILL#6##4#Toronto, Ontario, Canada#CA#CA08#43.6667#-79.4167#-574890;AFFECT#13##1#Canada#CA#CA#60#-96#CA;"
https://infotel.ca/newsitem/indigenous-police-oversight/cp215477959,"ARREST#9#Floyd#1#United States#US#US#39.828175#-98.5795#US;CRISISLEX_CRISISLEXREC#9#Floyd#1#United States#US#US#39.828175#-98.5795#US;KILL#2#Indigenous#4#Toronto, Ontario, Canada#CA#CA08#43.6667#-79.4167#-574890;CRISISLEX_T03_DEAD#2#Indigenous#4#Toronto, Ontario, Canada#CA#CA08#43.6667#-79.4167#-574890;"
https://globalnews.ca/news/7225579/nb-order-inquest-rodney-levi/,"KILL#07#Outrage grows RCMP#4#Edmundston, New Brunswick, Canada#CA#CA04#47.3667#-68.3333#-564067;"
https://www.cbc.ca/news/canada/newfoundland-labrador/qalipu-commemorative-garden-1.5444807,KILL#16##1#Canada#CA#CA#60#-96#CA;
https://www.cbc.ca/news/canada/british-columbia/billboards-vancouver-island-mmiw-1.5403738,"AFFECT#2##4#Vancouver Island, British Columbia, Canada#CA#CA02#49.6667#-125.833#-575271;AFFECT#21##4#Nanaimo, British Columbia, Canada#CA#CA02#49.15#-123.917#-569908;AFFECT#21##1#Canada#CA#CA#60#-96#CA;KILL#12##1#Canada#CA#CA#60#-96#CA;AFFECT#2014##1#Canada#CA#CA#60#-96#CA;KILL#16##1#Canada#CA#CA#60#-96#CA;"
https://www.chatelaine.com/living/culture-living/harry-meghan-indigenous-relationship/,KILL#10##1#Canada#CA#CA#60#-96#CA;CRISISLEX_T03_DEAD#10##1#Canada#CA#CA#60#-96#CA;
http://www.pentictonherald.ca/opinion/article_e05dfd7a-b570-11ea-969f-63770f3fe3e6.html,KILL#73##1#Canada#CA#CA#60#-96#CA;CRISISLEX_T03_DEAD#73##1#Canada#CA#CA#60#-96#CA;
https://globalnews.ca/news/6280753/domestic-abuse-rehabilitation/,KILL#3#women#1#Canada#CA#CA#60#-96#CA;ARREST#4##1#Canada#CA#CA#60#-96#CA;SOC_POINTSOFINTEREST_JAIL#4##1#Canada#CA#CA#60#-96#CA;
https://cfox.com/news/6280753/domestic-abuse-rehabilitation/,KILL#3#women#1#Canada#CA#CA#60#-96#CA;ARREST#4##1#Canada#CA#CA#60#-96#CA;SOC_POINTSOFINTEREST_JAIL#4##1#Canada#CA#CA#60#-96#CA;
https://www.cbc.ca/news/indigenous/doris-pratt-dakota-elder-book-1.5500701,"KILL#83##4#Berens River, Manitoba, Canada#CA#CA03#52.3667#-97.0333#-561044;CRISISLEX_T03_DEAD#83##4#Berens River, Manitoba, Canada#CA#CA03#52.3667#-97.0333#-561044;"
http://www.capebretonpost.com/news/local/mikmaq-elder-wants-sydneys-cornwallis-street-to-be-renamed-after-donald-marshall-jr-464722/,KILL#2##1#Canada#CA#CA#60#-96#CA;
https://www.cbc.ca/news/canada/nova-scotia/cliffs-of-fundy-unesco-global-geopark-designation-1.5643078,KILL#22##1#Canada#CA#CA#60#-96#CA;CRISISLEX_T03_DEAD#22##1#Canada#CA#CA#60#-96#CA;
https://www.theglobeandmail.com/opinion/article-the-thunder-bay-police-and-indigenous-people-seem-like-odd-bedfellows/,"KILL#7##4#Fort William, Ontario, Canada#CA#CA08#48.4#-89.2333#-574784;KILL#9#First Nations individual#4#Fort William, Ontario, Canada#CA#CA08#48.4#-89.2333#-574784;"
https://www.theglobeandmail.com/canada/article-family-outraged-by-crowns-decision-to-downgrade-charges-in-death-of/,"KILL#2013##4#Thunder Bay, Ontario, Canada#CA#CA08#48.4#-89.2333#-574784;"
https://www.brandonsun.com/national/breaking-news/canadas-first-indigenous-led-coast-guard-auxiliary-patrols-bcs-rugged-coast-573159331.html,"KILL#6#passengers#4#Tofino, British Columbia, Canada#CA#CA02#49.1333#-125.9#-574861;CRISISLEX_T03_DEAD#6#passengers#4#Tofino, British Columbia, Canada#CA#CA02#49.1333#-125.9#-574861;KILL#2#passengers#4#Prince Rupert, British Columbia, Canada#CA#CA02#54.3167#-130.333#-571743;"
https://www.kelownacapnews.com/news/south-okanagan-mountian-bore-racist-name-for-a-half-century/,"KILL#2#men#4#Okanagan, British Columbia, Canada#CA#CA02#50.3667#-119.35#-570573;KILL#2#men#4#Okanagan, British Columbia, Canada#CA#CA02#50.3667#-119.35#-570573;KILL#2#black men#4#Okanagan, British Columbia, Canada#CA#CA02#50.3667#-119.35#-570573;CRISISLEX_T03_DEAD#2#black men#4#Okanagan, British Columbia, Canada#CA#CA02#50.3667#-119.35#-570573;KILL#2#black men#4#Okanagan, British Columbia, Canada#CA#CA02#50.3667#-119.35#-570573;KILL#2#black men#4#Okanagan, British Columbia, Canada#CA#CA02#50.3667#-119.35#-570573;KILL#63##4#Okanagan, British Columbia, Canada#CA#CA02#50.3667#-119.35#-570573;CRISISLEX_T03_DEAD#63##4#Okanagan, British Columbia, Canada#CA#CA02#50.3667#-119.35#-570573;"
https://www.thestar.com/news/canada/2020/07/02/you-can-be-part-of-the-solution-loved-ones-of-slain-mtis-hunters-urge-mayors-to-confront-racism.html,"KILL#2#men#4#Edmonton, Alberta, Canada#CA#CA01#53.55#-113.5#-564064;"
https://calgarysun.com/news/crime/family-of-slain-metis-hunters-asks-northern-alberta-mayors-to-tackle-systemic-racism/wcm/6e12eb8a-78a2-496a-a731-3d7b2149fd2f,"KILL#622##4#Seibert Lake, Alberta, Canada#CA#CA01#54.7172#-111.301#-573376;CRISISLEX_CRISISLEXREC#622##4#Seibert Lake, Alberta, Canada#CA#CA01#54.7172#-111.301#-573376;CRISISLEX_T02_INJURED#622##4#Seibert Lake, Alberta, Canada#CA#CA01#54.7172#-111.301#-573376;CRISISLEX_T03_DEAD#622##4#Seibert Lake, Alberta, Canada#CA#CA01#54.7172#-111.301#-573376;CRISISLEX_T03_DEAD#622##4#Seibert Lake, Alberta, Canada#CA#CA01#54.7172#-111.301#-573376;"
https://thestarphoenix.com/news/local-news/prominent-retired-judge-ted-hughes-dies-at-92,"KILL#92##4#Saskatoon, Saskatchewan, Canada#CA#CA11#52.1333#-106.667#-573213;CRISISLEX_T03_DEAD#92##4#Saskatoon, Saskatchewan, Canada#CA#CA11#52.1333#-106.667#-573213;"
https://www.cbc.ca/news/canada/saskatchewan/sask-books-awards-2020-nominations-1.5466410,"KILL#22##4#Saskatchewan, Manitoba, Canada#CA#CA03#52.15#-97.7167#-575075;"
https://www.brandonsun.com/national/breaking-news/poems-by-man-who-killed-indigenous-woman-removed-from-parliamentary-website-566752322.html,KILL#2#poems#1#Canada#CA#CA#60#-96#CA;CRISISLEX_T03_DEAD#2#poems#1#Canada#CA#CA#60#-96#CA;
https://theprovince.com/news/local-news/jarvis-please-dont-forget-diane-dobson/wcm/177ff4b6-080e-4230-a019-2d536c2904c3,"AFFECT#200##1#Canada#CA#CA#60#-96#CA;KILL#7##4#Toronto, Ontario, Canada#CA#CA08#43.6667#-79.4167#-574890;CRISISLEX_T03_DEAD#7##4#Toronto, Ontario, Canada#CA#CA08#43.6667#-79.4167#-574890;"
https://fashionmagazine.com/culture/fashion-magazine-march-2017-cover-sophie-trudeau/,KILL#2014##1#Canada#CA#CA#60#-96#CA;
https://atlantic.ctvnews.ca/police-shootings-new-brunswick-premier-to-meet-with-first-nations-chiefs-1.4987615,"KILL#2##4#Quebec, Quebec, Canada#CA#CA10#47.5#-72#-571850;"
https://www.timescolonist.com/police-shootings-new-brunswick-premier-to-meet-with-first-nations-chiefs-1.24154410,"KILL#2##4#Quebec, Quebec, Canada#CA#CA10#47.5#-72#-571850;"
https://globalnews.ca/news/7072826/pressure-mounts-on-new-brunswick-to-get-indigenous-people-involved-in-inquiries/,"KILL#2#Indigenous#4#Quebec, Quebec, Canada#CA#CA10#47.5#-72#-571850;KILL#2#Indigenous#4#Quebec, Quebec, Canada#CA#CA10#47.5#-72#-571850;KILL#2#Indigenous#4#Quebec, Quebec, Canada#CA#CA10#47.5#-72#-571850;CRISISLEX_T03_DEAD#2#Indigenous#4#Quebec, Quebec, Canada#CA#CA10#47.5#-72#-571850;"
https://infotel.ca/newsitem/poems-removed/cp170170708,KILL#2#poems#1#Canada#CA#CA#60#-96#CA;CRISISLEX_T03_DEAD#2#poems#1#Canada#CA#CA#60#-96#CA;
https://infotel.ca/newsitem/poems-by-man-who-killed-indigenous-woman-removed-from-parliamentary-website/it69163,KILL#2#poems#1#Canada#CA#CA#60#-96#CA;CRISISLEX_T03_DEAD#2#poems#1#Canada#CA#CA#60#-96#CA;
https://regina.ctvnews.ca/poems-by-man-who-killed-indigenous-woman-removed-from-parliamentary-website-1.4755337,"KILL#2#poems#4#Ottawa, Ontario, Canada#CA#CA08#45.4167#-75.7#-570760;CRISISLEX_T03_DEAD#2#poems#4#Ottawa, Ontario, Canada#CA#CA08#45.4167#-75.7#-570760;"
https://www.thestar.com/entertainment/2020/01/06/poems-by-man-who-killed-indigenous-woman-removed-from-parliamentary-website.html,"KILL#2#poems#4#Ottawa, Ontario, Canada#CA#CA08#45.4167#-75.7#-570760;CRISISLEX_T03_DEAD#2#poems#4#Ottawa, Ontario, Canada#CA#CA08#45.4167#-75.7#-570760;"
http://www.pentictonherald.ca/news/national_news/article_4ba9d9c8-fbb6-59d1-8b18-362d8a1017de.html,"KILL#2#poems#4#Ottawa, Ontario, Canada#CA#CA08#45.4167#-75.7#-570760;CRISISLEX_T03_DEAD#2#poems#4#Ottawa, Ontario, Canada#CA#CA08#45.4167#-75.7#-570760;"
https://www.therecord.com/news-story/9798959-poems-by-man-who-killed-indigenous-woman-removed-from-parliamentary-website/,"KILL#2#poems#4#Ottawa, Ontario, Canada#CA#CA08#45.4167#-75.7#-570760;CRISISLEX_T03_DEAD#2#poems#4#Ottawa, Ontario, Canada#CA#CA08#45.4167#-75.7#-570760;"
https://calgarysun.com/news/national/poems-by-man-who-killed-first-nations-woman-removed-from-parliamentary-website/wcm/075e3bde-0484-4f40-b1bf-5a777cf071d6,"KILL#2#poems#4#Ottawa, Ontario, Canada#CA#CA08#45.4167#-75.7#-570760;CRISISLEX_T03_DEAD#2#poems#4#Ottawa, Ontario, Canada#CA#CA08#45.4167#-75.7#-570760;"
https://theturtleislandnews.com/index.php/2020/01/06/poems-by-man-who-killed-indigenous-woman-removed-from-parliamentary-website/,"KILL#2#poems#4#Ottawa, Ontario, Canada#CA#CA08#45.4167#-75.7#-570760;CRISISLEX_T03_DEAD#2#poems#4#Ottawa, Ontario, Canada#CA#CA08#45.4167#-75.7#-570760;"
https://www.cbc.ca/news/canada/hamilton/appeal-peter-khill-new-trial-1.5476537,"KILL#6#Styres#4#Grand River, Nova Scotia, Canada#CA#CA07#45.6333#-60.6667#-565500;CRISISLEX_T03_DEAD#6#Styres#4#Grand River, Nova Scotia, Canada#CA#CA07#45.6333#-60.6667#-565500;"
https://www.cbc.ca/news/canada/new-brunswick/rcmp-investigation-fatal-shooting-rodney-levi-1.5611088,"KILL#9##4#Quebec, Quebec, Canada#CA#CA10#47.5#-72#-571850;CRISISLEX_T03_DEAD#9##4#Quebec, Quebec, Canada#CA#CA10#47.5#-72#-571850;"
https://www.msn.com/en-ca/news/canada/citizens-david-pugliese-wins-lifetime-achievement-award-for-military-coverage/ar-BB13rioL,KILL#102#Indigenous children connected#1#Canada#CA#CA#60#-96#CA;CRISISLEX_T03_DEAD#102#Indigenous children connected#1#Canada#CA#CA#60#-96#CA;
https://canadiandimension.com/articles/view/mikmaw-treaty-rights-reconciliation-and-the-rule-of-law,KILL#2014##1#Canada#CA#CA#60#-96#CA;ARREST#2014##1#Canada#CA#CA#60#-96#CA;
https://www.msn.com/en-ca/news/canada/cuthand-racism-in-canada-needs-to-stop/ar-BB15KTB5,KILL#2014#Indigenous women x#1#Canada#CA#CA#60#-96#CA;
https://www.thestar.com/news/gta/2020/07/01/slaveowners-swindlers-residential-school-promoters-these-are-who-torontos-streets-are-named-after.html,KILL#200##1#Canada#CA#CA#60#-96#CA;
http://993theriver.com/blog/99-3-the-river-news-august-6th-2020/,"KILL#135##1#Canada#CA#CA#60#-96#CA;CRISISLEX_T03_DEAD#135##1#Canada#CA#CA#60#-96#CA;WOUND#5##1#Lebanon#LE#LE#33.833333#35.833333#LE;CRISISLEX_CRISISLEXREC#5##1#Lebanon#LE#LE#33.833333#35.833333#LE;CRISISLEX_C03_WELLBEING_HEALTH#5##1#Lebanon#LE#LE#33.833333#35.833333#LE;CRISISLEX_T02_INJURED#5##1#Lebanon#LE#LE#33.833333#35.833333#LE;KILL#4#virus related#1#Canada#CA#CA#60#-96#CA;ARREST#4##4#Plaster Rock, New Brunswick, Canada#CA#CA04#46.9#-67.3833#-571401;SOC_GENERALCRIME#4##4#Plaster Rock, New Brunswick, Canada#CA#CA04#46.9#-67.3833#-571401;CRISISLEX_C07_SAFETY#4##4#Plaster Rock, New Brunswick, Canada#CA#CA04#46.9#-67.3833#-571401;SEIZE#5#firearms#4#Plaster Rock, New Brunswick, Canada#CA#CA04#46.9#-67.3833#-571401;"
https://www.ledevoir.com/societe/580947/le-ministre-des-affaires-du-nord-revolte-par-la-recente-brutalite-policiere,KILL#2##1#Canada#CA#CA#60#-96#CA;CRISISLEX_CRISISLEXREC#2##1#Canada#CA#CA#60#-96#CA;CRISISLEX_T02_INJURED#2##1#Canada#CA#CA#60#-96#CA;CRISISLEX_T03_DEAD#2##1#Canada#CA#CA#60#-96#CA;CRISISLEX_T03_DEAD#2##1#Canada#CA#CA#60#-96#CA;
https://montrealgazette.com/news/local-news/minister-orders-coroners-inquest-into-death-of-joyce-echaquan,"KILL#8##4#Quebec, Quebec, Canada#CA#CA10#47.5#-72#-571850;CRISISLEX_T03_DEAD#8##4#Quebec, Quebec, Canada#CA#CA10#47.5#-72#-571850;"
https://www.huewire.com/statue-of-canadas-first-prime-minister-doused-with-red-paint-on-prince-edward-island/,KILL#2##1#Canada#CA#CA#60#-96#CA;
https://www.nationalobserver.com/2020/06/26/opinion/how-canada-tries-hide-its-racism-pointing-finger-us,KILL#26##1#Canada#CA#CA#60#-96#CA;CRISISLEX_T03_DEAD#26##1#Canada#CA#CA#60#-96#CA;CRISISLEX_T03_DEAD#26##1#Canada#CA#CA#60#-96#CA;
https://ottawasun.com/opinion/editorials/editorial-trudeau-disappoints-new-polls-show/wcm/7b79f0ea-3aa4-41ec-865e-63a303e035d1,KILL#24##1#Iran#IR#IR#32#53#IR;CRISISLEX_T03_DEAD#24##1#Iran#IR#IR#32#53#IR;PROTEST#2013##1#Canada#CA#CA#60#-96#CA;
https://globalnews.ca/news/6496680/bc-caribou-protection-former-liaison/,"KILL#9#contests unnecessary x#4#Williams Lake, British Columbia, Canada#CA#CA02#52.1167#-122.15#-576014;"
http://www.fil-information.gouv.qc.ca/Pages/Article.aspx?aiguillage=ajd&type=1&idArticle=2802079444,"KILL#330##4#Mauricie, Quebec, Canada#CA#CA10#46.4667#-72.5333#-572974;"
https://www.1310news.com/2020/06/16/metis-minister-revolted-by-police-brutality-against-indigenous-people/,KILL#2#Indigenous#1#Canada#CA#CA#60#-96#CA;CRISISLEX_CRISISLEXREC#2#Indigenous#1#Canada#CA#CA#60#-96#CA;CRISISLEX_T02_INJURED#2#Indigenous#1#Canada#CA#CA#60#-96#CA;CRISISLEX_T03_DEAD#2#Indigenous#1#Canada#CA#CA#60#-96#CA;CRISISLEX_T03_DEAD#2#Indigenous#1#Canada#CA#CA#60#-96#CA;
https://winnipeg.ctvnews.ca/metis-minister-revolted-by-police-brutality-against-indigenous-people-1.4987844,"KILL#2#Indigenous#4#Edmundston, New Brunswick, Canada#CA#CA04#47.3667#-68.3333#-564067;CRISISLEX_CRISISLEXREC#2#Indigenous#4#Edmundston, New Brunswick, Canada#CA#CA04#47.3667#-68.3333#-564067;CRISISLEX_T02_INJURED#2#Indigenous#4#Edmundston, New Brunswick, Canada#CA#CA04#47.3667#-68.3333#-564067;CRISISLEX_T03_DEAD#2#Indigenous#4#Edmundston, New Brunswick, Canada#CA#CA04#47.3667#-68.3333#-564067;CRISISLEX_T03_DEAD#2#Indigenous#4#Edmundston, New Brunswick, Canada#CA#CA04#47.3667#-68.3333#-564067;"
https://globalnews.ca/news/7074652/dan-vandal-minister-police-brutality-indigenous/,"KILL#2#Indigenous#4#Edmundston, New Brunswick, Canada#CA#CA04#47.3667#-68.3333#-564067;CRISISLEX_CRISISLEXREC#2#Indigenous#4#Edmundston, New Brunswick, Canada#CA#CA04#47.3667#-68.3333#-564067;CRISISLEX_T02_INJURED#2#Indigenous#4#Edmundston, New Brunswick, Canada#CA#CA04#47.3667#-68.3333#-564067;CRISISLEX_T03_DEAD#2#Indigenous#4#Edmundston, New Brunswick, Canada#CA#CA04#47.3667#-68.3333#-564067;CRISISLEX_T03_DEAD#2#Indigenous#4#Edmundston, New Brunswick, Canada#CA#CA04#47.3667#-68.3333#-564067;ARREST#51#Indigenous man speaks#4#Edmundston, New Brunswick, Canada#CA#CA04#47.3667#-68.3333#-564067;CRISISLEX_CRISISLEXREC#51#Indigenous man speaks#4#Edmundston, New Brunswick, Canada#CA#CA04#47.3667#-68.3333#-564067;"
https://aptnnews.ca/2019/12/27/kelly-fraser/,KILL#26##1#Canada#CA#CA#60#-96#CA;CRISISLEX_T03_DEAD#26##1#Canada#CA#CA#60#-96#CA;
https://www.newswire.ca/news-releases/rbc-taylor-prize-jury-names-2020-s-five-best-books-in-literary-non-fiction-862875223.html,KILL#16##1#Canada#CA#CA#60#-96#CA;
https://www.brandonsun.com/national/breaking-news/beyak-suspended-again-from-senate-despite-apology-for-posting-offensive-letters-568252762.html,KILL#2000##1#Canada#CA#CA#60#-96#CA;CRISISLEX_T03_DEAD#2000##1#Canada#CA#CA#60#-96#CA;
https://calgaryherald.com/news/two-senators-hope-rule-changes-can-speed-up-handling-of-private-members-bills-in-red-chamber/wcm/b69321d3-5361-497f-9b79-a18eaa31816c,"KILL#2#senators#4#Ottawa, Ontario, Canada#CA#CA08#45.4167#-75.7#-570760;CRISISLEX_T03_DEAD#2#senators#4#Ottawa, Ontario, Canada#CA#CA08#45.4167#-75.7#-570760;CRISISLEX_T03_DEAD#2#senators#4#Ottawa, Ontario, Canada#CA#CA08#45.4167#-75.7#-570760;KILL#45##4#Ottawa, Ontario, Canada#CA#CA08#45.4167#-75.7#-570760;CRISISLEX_T03_DEAD#45##4#Ottawa, Ontario, Canada#CA#CA08#45.4167#-75.7#-570760;"
https://www.cbc.ca/news/canada/manitoba/kelly-fraser-manitoba-musicians-1.5409109,"KILL#26##4#Sanikiluaq, Nunavut, Canada#CA#CA14#56.5333#-79.2333#448969;CRISISLEX_T03_DEAD#26##4#Sanikiluaq, Nunavut, Canada#CA#CA14#56.5333#-79.2333#448969;KILL#26##4#Sanikiluaq, Nunavut, Canada#CA#CA14#56.5333#-79.2333#448969;CRISISLEX_T03_DEAD#26##4#Sanikiluaq, Nunavut, Canada#CA#CA14#56.5333#-79.2333#448969;"
https://edmontonsun.com/entertainment/music/inuit-singer-kelly-fraser-dead-at-26/wcm/747a620e-2263-40aa-8b6a-ebe817374ce7,"KILL#26##4#Sanikiluaq, Nunavut, Canada#CA#CA14#56.5333#-79.2333#448969;CRISISLEX_T03_DEAD#26##4#Sanikiluaq, Nunavut, Canada#CA#CA14#56.5333#-79.2333#448969;"
https://infotel.ca/newsitem/inuk-singer-with-ties-to-kamloops-dies-at-26/it68906,"KILL#26##4#Kamloops, British Columbia, Canada#CA#CA02#50.6667#-120.333#-566975;CRISISLEX_T03_DEAD#26##4#Kamloops, British Columbia, Canada#CA#CA02#50.6667#-120.333#-566975;KILL#26##4#Kamloops, British Columbia, Canada#CA#CA02#50.6667#-120.333#-566975;CRISISLEX_T03_DEAD#26##4#Kamloops, British Columbia, Canada#CA#CA02#50.6667#-120.333#-566975;"
https://www.piquenewsmagazine.com/whistler/we-are-all-just-people/Content?oid=15502956,KILL#4#students#1#Canada#CA#CA#60#-96#CA;KILL#15##1#Canada#CA#CA#60#-96#CA;CRISISLEX_CRISISLEXREC#15##1#Canada#CA#CA#60#-96#CA;CRISISLEX_T03_DEAD#15##1#Canada#CA#CA#60#-96#CA;CRISISLEX_T03_DEAD#15##1#Canada#CA#CA#60#-96#CA;KILL#15##1#Canada#CA#CA#60#-96#CA;CRISISLEX_CRISISLEXREC#15##1#Canada#CA#CA#60#-96#CA;CRISISLEX_T03_DEAD#15##1#Canada#CA#CA#60#-96#CA;CRISISLEX_T03_DEAD#15##1#Canada#CA#CA#60#-96#CA;
https://calgarysun.com/news/black-lives-matter-demonstration/wcm/50a8644e-6391-4f40-8602-22bf7fb61661,"KILL#4#Matter vigil#1#Canada#CA#CA#60#-96#CA;KILL#9##2#Minnesota, United States#US#USMN#45.7326#-93.9196#MN;CRISISLEX_T03_DEAD#9##2#Minnesota, United States#US#USMN#45.7326#-93.9196#MN;PROTEST#2000##1#Canada#CA#CA#60#-96#CA;KILL#2014#matter pic#1#Canada#CA#CA#60#-96#CA;"
https://www.timescolonist.com/islander/book-excerpt-canada-s-culture-of-political-apologies-1.24056024,AFFECT#900##1#United Kingdom#UK#UK#54#-4#UK;REFUGEES#900##1#United Kingdom#UK#UK#54#-4#UK;EPU_CATS_MIGRATION_FEAR_MIGRATION#900##1#United Kingdom#UK#UK#54#-4#UK;KILL#254##1#Germany#GM#GM#51.5#10.5#GM;CRISISLEX_T03_DEAD#254##1#Germany#GM#GM#51.5#10.5#GM;KILL#6#Tsilhqotin chiefs#1#Canada#CA#CA#60#-96#CA;KILL#6#chiefs#1#Canada#CA#CA#60#-96#CA;KILL#24##1#China#CH#CH#35#105#CH;
https://www.bowenislandundercurrent.com/seatbelts-would-have-changed-everything-boyfriend-of-bus-crash-victim-1.24173900,"KILL#3##4#Meadow Lake, Saskatchewan, Canada#CA#CA11#54.1297#-108.435#-569072;CRISISLEX_T03_DEAD#3##4#Meadow Lake, Saskatchewan, Canada#CA#CA11#54.1297#-108.435#-569072;AFFECT#24##4#Meadow Lake, Saskatchewan, Canada#CA#CA11#54.1297#-108.435#-569072;CRISISLEX_T02_INJURED#24##4#Meadow Lake, Saskatchewan, Canada#CA#CA11#54.1297#-108.435#-569072;"
https://www.dailymail.co.uk/femail/article-8130439/Female-hunter-kills-polar-bears-says-received-death-threats.html,KILL#2013##1#Canada#CA#CA#60#-96#CA;KILL#2013##1#Canada#CA#CA#60#-96#CA;CRISISLEX_T03_DEAD#2013##1#Canada#CA#CA#60#-96#CA;
http://www.pentictonherald.ca/news/article_f43c5ac8-2a8f-11eb-8085-9b881a37fc26.html,KILL#27##1#Canada#CA#CA#60#-96#CA;
https://www.msn.com/en-ca/news/canada/two-senators-hope-rule-changes-can-speed-up-handling-of-private-members-bills-in-red-chamber/ar-BBZJQyi,"KILL#2#senators#4#Ottawa, Ontario, Canada#CA#CA08#45.4167#-75.7#-570760;CRISISLEX_T03_DEAD#2#senators#4#Ottawa, Ontario, Canada#CA#CA08#45.4167#-75.7#-570760;CRISISLEX_T03_DEAD#2#senators#4#Ottawa, Ontario, Canada#CA#CA08#45.4167#-75.7#-570760;KILL#45##4#Ottawa, Ontario, Canada#CA#CA08#45.4167#-75.7#-570760;CRISISLEX_T03_DEAD#45##4#Ottawa, Ontario, Canada#CA#CA08#45.4167#-75.7#-570760;"
https://journals.plos.org/plosmedicine/article?id=10.1371/journal.pmed.1003104,KILL#2#prior#1#Canada#CA#CA#60#-96#CA;CRISISLEX_T03_DEAD#2#prior#1#Canada#CA#CA#60#-96#CA;
https://www.cbc.ca/news/canada/manitoba/customers-beadwork-mish-daniels-1.5550902,"KILL#2026##4#Comox, British Columbia, Canada#CA#CA02#49.6833#-124.933#-562908;CRISISLEX_T03_DEAD#2026##4#Comox, British Columbia, Canada#CA#CA02#49.6833#-124.933#-562908;"
https://www.cumberlandnewsnow.com/news/local/fourteen-women-killed-in-montreal-massacre-remembered-in-amherst-386366/,"KILL#14#women#4#Montreal, Quebec, Canada#CA#CA10#45.5#-73.5833#-569541;KILL#14##1#Canada#CA#CA#60#-96#CA;KILL#148#women#1#Canada#CA#CA#60#-96#CA;KILL#12##1#Canada#CA#CA#60#-96#CA;"
https://www.terracestandard.com/news/dozens-march-for-mmigw-at-third-annual-event-in-terrace/,AFFECT#100##1#Canada#CA#CA#60#-96#CA;AFFECT#100#women#1#Canada#CA#CA#60#-96#CA;KILL#200#Indigenous women#1#Canada#CA#CA#60#-96#CA;
https://www.flare.com/identity/organizations-helping-women-2020/,KILL#2##1#Canada#CA#CA#60#-96#CA;
https://www.kenoradailyminerandnews.com/news/local-news/0220-kn-whitedog,KILL#16##1#Canada#CA#CA#60#-96#CA;
https://www.kelownacapnews.com/news/peachland-hosts-first-annual-international-womens-day-tea-and-bannock-celebration/,"KILL#2026##4#Kelowna, British Columbia, Canada#CA#CA02#49.9#-119.483#-567125;"
https://winnipegsun.com/opinion/columnists/morley-whats-the-future-for-a-canadian-child-born-in-2020/wcm/0a2d78d1-1a71-4e61-82d2-3ce2f1d8b896,KILL#24000#children#1#Canada#CA#CA#60#-96#CA;CRISISLEX_T03_DEAD#24000#children#1#Canada#CA#CA#60#-96#CA;
https://www.cbc.ca/news/canada/thunder-bay/thunder-bay-library-lg-praise-1.5433704,"KILL#7#Youth Inquest#4#Thunder Bay, Ontario, Canada#CA#CA08#48.4#-89.2333#-574784;"
https://panow.com/2020/06/13/new-brunswick-indigenous-man-is-victim-of-rcmp-involved-fatal-shooting-chief/,"KILL#9##4#Edmundston, New Brunswick, Canada#CA#CA04#47.3667#-68.3333#-564067;CRISISLEX_CRISISLEXREC#9##4#Edmundston, New Brunswick, Canada#CA#CA04#47.3667#-68.3333#-564067;CRISISLEX_T02_INJURED#9##4#Edmundston, New Brunswick, Canada#CA#CA04#47.3667#-68.3333#-564067;CRISISLEX_T03_DEAD#9##4#Edmundston, New Brunswick, Canada#CA#CA04#47.3667#-68.3333#-564067;CRISISLEX_T03_DEAD#9##4#Edmundston, New Brunswick, Canada#CA#CA04#47.3667#-68.3333#-564067;"
https://ipolitics.ca/2020/03/12/new-democrats-challenge-liberals-to-go-on-the-house-record-with-pharmacare-pledge/,"KILL#2014##4#Quebec, Quebec, Canada#CA#CA10#47.5#-72#-571850;CRISISLEX_T03_DEAD#2014##4#Quebec, Quebec, Canada#CA#CA10#47.5#-72#-571850;"
https://torontosun.com/news/local-news/buddhist-hells-angel-has-release-conditions-changed-to-accommodate-studies/wcm/bf1fc107-f938-4986-8573-0de2eb205a0b,"KILL#160##4#Quebec, Quebec, Canada#CA#CA10#47.5#-72#-571850;CRISISLEX_T03_DEAD#160##4#Quebec, Quebec, Canada#CA#CA10#47.5#-72#-571850;"
https://www.tsn.ca/humboldt-broncos-families-continue-work-for-positive-change-1.1463659,"KILL#16##4#Ottawa, Ontario, Canada#CA#CA08#45.4167#-75.7#-570760;WOUND#13##4#Ottawa, Ontario, Canada#CA#CA08#45.4167#-75.7#-570760;KILL#6##1#Canada#CA#CA#60#-96#CA;"
https://www.winnipegfreepress.com/local/missionary-speaker-linked-to-acclaimed-novel-567612172.html,"KILL#4##1#United States#US#US#39.828175#-98.5795#US;KILL#5##4#Winnipeg, Manitoba, Canada#CA#CA03#49.8833#-97.1667#-576096;"
https://thelinknewspaper.ca/article/concordia-commemorates-quebec-city-mosque-shooting,KILL#6#Muslim men#1#Canada#CA#CA#60#-96#CA;WOUND#19##1#Canada#CA#CA#60#-96#CA;KILL#6#candles#1#Canada#CA#CA#60#-96#CA;CRISISLEX_T03_DEAD#6#candles#1#Canada#CA#CA#60#-96#CA;KILL#6##1#Canada#CA#CA#60#-96#CA;CRISISLEX_T03_DEAD#6##1#Canada#CA#CA#60#-96#CA;KILL#6##1#Canada#CA#CA#60#-96#CA;TERROR#6##1#Canada#CA#CA#60#-96#CA;ARMEDCONFLICT#6##1#Canada#CA#CA#60#-96#CA;
https://montrealgazette.com/news/local-news/buddhist-hells-angel-has-release-conditions-changed-to-accommodate-studies,"KILL#160##4#Quebec, Quebec, Canada#CA#CA10#47.5#-72#-571850;CRISISLEX_T03_DEAD#160##4#Quebec, Quebec, Canada#CA#CA10#47.5#-72#-571850;"
https://thewalrus.ca/terra-cognita-the-hungry-people/,KILL#50##1#Canada#CA#CA#60#-96#CA;
https://www.brandonsun.com/national/breaking-news/nl-reinstates-aquaculture-licences-after-2019-mass-salmon-die-off-570278282.html,KILL#6000000#salmon#1#Canada#CA#CA#60#-96#CA;CRISISLEX_T03_DEAD#6000000#salmon#1#Canada#CA#CA#60#-96#CA;KILL#6000000#salmon#1#Canada#CA#CA#60#-96#CA;CRISISLEX_T03_DEAD#6000000#salmon#1#Canada#CA#CA#60#-96#CA;
http://easternontarionetwork.com/index.php/2020/02/08/people-will-not-have-a-choice-to-forget-electronic-billboard-to-display-mmiwg-cases/,AFFECT#92000000#National Inquiry#1#Canada#CA#CA#60#-96#CA;KILL#13000000##1#Canada#CA#CA#60#-96#CA;
http://www.pentictonherald.ca/news/national_news/article_fcaa0a97-c1dd-5d11-9a3c-8f172585b4cf.html,"KILL#7##4#Quebec, Quebec, Canada#CA#CA10#47.5#-72#-571850;CRISISLEX_T03_DEAD#7##4#Quebec, Quebec, Canada#CA#CA10#47.5#-72#-571850;"
https://www.bclocalnews.com/news/land-owners-worried-about-babine-lake-land-transfer-2/,"KILL#5##4#Babine Lake, British Columbia, Canada#CA#CA02#54.75#-126#-560491;"
https://www.680news.com/2020/08/27/indigenous-led-alert-system-for-n-s-mikmaq-communities-ready-to-roll-out/,KILL#22##1#Canada#CA#CA#60#-96#CA;CRISISLEX_T03_DEAD#22##1#Canada#CA#CA#60#-96#CA;
https://theturtleislandnews.com/index.php/2020/08/27/indigenous-led-alert-system-for-n-s-mikmaq-communities-ready-to-roll-out/,KILL#22##1#Canada#CA#CA#60#-96#CA;CRISISLEX_T03_DEAD#22##1#Canada#CA#CA#60#-96#CA;
https://www.journalpioneer.com/opinion/regional-perspectives/op-ed-seven-minutes-can-changes-lives-forever-480164/,AFFECT#202##1#Canada#CA#CA#60#-96#CA;KILL#2014##1#Canada#CA#CA#60#-96#CA;
https://www.theobserver.ca/news/local-news/family-first-nations-leaders-mourn-dudley-george-25-years-after-ipperwash,"KILL#1800##4#Strathroy, Ontario, Canada#CA#CA08#42.95#-81.6167#-574252;CRISISLEX_T03_DEAD#1800##4#Strathroy, Ontario, Canada#CA#CA08#42.95#-81.6167#-574252;"
https://www.bclocalnews.com/news/comox-valley-womens-memorial-march-honours-missing-murdered-women/,KILL#12##1#Canada#CA#CA#60#-96#CA;
https://countercurrents.org/2020/01/review-one-world-digital-dictatorship-by-soren-korsgaard-digital-nightmare,KILL#40000000#Asian#1#Canada#CA#CA#60#-96#CA;KILL#32000000#Muslims#1#Canada#CA#CA#60#-96#CA;CRISISLEX_T03_DEAD#32000000#Muslims#1#Canada#CA#CA#60#-96#CA;KILL#20#false flag atrocity#1#Canada#CA#CA#60#-96#CA;KILL#4000000#Indians#1#India#IN#IN#20#77#IN;
https://www.voicenews.com/news/canada-ends-plans-for-nuclear-waste-site-under-lake-huron/article_8f1a25e0-4925-11ea-ad9a-230e58f78666.html,"KILL#8##4#Lake Huron, Canada (General), Canada#CA#CA00#44.5#-82#-566484;"
https://www.prensa-latina.cu/index.php?o=rn&id=347855&SEO=primeras-naciones-la-otra-canada,KILL#6000##1#Canada#CA#CA#60#-96#CA;CRISISLEX_T03_DEAD#6000##1#Canada#CA#CA#60#-96#CA;KILL#6000##1#Canada#CA#CA#60#-96#CA;CRISISLEX_T03_DEAD#6000##1#Canada#CA#CA#60#-96#CA;
https://www.theglobeandmail.com/opinion/article-thunder-bays-education-system-doesnt-seem-to-have-learned-a-thing/,"KILL#7#lost#1#Canada#CA#CA#60#-96#CA;KILL#7##1#Canada#CA#CA#60#-96#CA;CRISISLEX_CRISISLEXREC#7##1#Canada#CA#CA#60#-96#CA;KILL#7#First Nations youth#4#Thunder Bay, Ontario, Canada#CA#CA08#48.4#-89.2333#-574784;CRISISLEX_T03_DEAD#7#First Nations youth#4#Thunder Bay, Ontario, Canada#CA#CA08#48.4#-89.2333#-574784;"
https://vancouversun.com/opinion/op-ed/michelle-stewart-remembering-indigenous-teenager-neil-stonechild-found-frozen-in-a-field,KILL#2##1#Canada#CA#CA#60#-96#CA;
https://globalnews.ca/news/6569847/unauthorized-memorial-surrey-dog-park/,"KILL#49#Plaque unveiled#4#Vancouver, British Columbia, Canada#CA#CA02#49.25#-123.133#-575268;CRISISLEX_T03_DEAD#49#Plaque unveiled#4#Vancouver, British Columbia, Canada#CA#CA02#49.25#-123.133#-575268;KILL#9#Alberta Indigenous woman x#4#Vancouver, British Columbia, Canada#CA#CA02#49.25#-123.133#-575268;"
http://www.netnewsledger.com/2020/02/05/ontario-human-rights-commission-launching-investigation-into-deaths-of-two-indigenous-people-in-timmins/,"KILL#2##4#Fort Albany, Ontario, Canada#CA#CA08#52.25#-81.6167#-564784;KILL#2##4#Cochrane District, Ontario, Canada#CA#CA08#50.5#-83#-562796;"
https://www.dailymail.co.uk/news/article-8953135/amp/Sacred-white-spirit-moose-killed-hunters-Canada-outrage-local-indigenous-population.html,KILL#2#female moose#1#Canada#CA#CA#60#-96#CA;CRISISLEX_T03_DEAD#2#female moose#1#Canada#CA#CA#60#-96#CA;ARREST#8#stands#1#Canada#CA#CA#60#-96#CA;CRISISLEX_CRISISLEXREC#8#stands#1#Canada#CA#CA#60#-96#CA;KILL#3#hunters#1#Canada#CA#CA#60#-96#CA;CRISISLEX_T03_DEAD#3#hunters#1#Canada#CA#CA#60#-96#CA;
https://www.dailymail.co.uk/news/article-8953135/Sacred-white-spirit-moose-killed-hunters-Canada-outrage-local-indigenous-population.html,KILL#2#female moose#1#Canada#CA#CA#60#-96#CA;CRISISLEX_T03_DEAD#2#female moose#1#Canada#CA#CA#60#-96#CA;ARREST#8#stands#1#Canada#CA#CA#60#-96#CA;CRISISLEX_CRISISLEXREC#8#stands#1#Canada#CA#CA#60#-96#CA;KILL#3#hunters#1#Canada#CA#CA#60#-96#CA;CRISISLEX_T03_DEAD#3#hunters#1#Canada#CA#CA#60#-96#CA;
https://thetyee.ca/News/2020/10/02/BC-Government-Begins-Hunt-Moose-Calves/,"KILL#79##4#Revelstoke, British Columbia, Canada#CA#CA02#51#-118.183#-572192;KILL#584#cow#4#Revelstoke, British Columbia, Canada#CA#CA02#51#-118.183#-572192;CRISISLEX_T03_DEAD#584#cow#4#Revelstoke, British Columbia, Canada#CA#CA02#51#-118.183#-572192;"
https://www.cbc.ca/radio/thesundayedition/the-sunday-edition-for-december-1-2019-1.5377096/a-former-crown-prosecutor-makes-the-case-for-indigenous-justice-1.5378023,KILL#22##1#Canada#CA#CA#60#-96#CA;ARREST#42#rate#1#Canada#CA#CA#60#-96#CA;
https://www.stcatharinesstandard.ca/opinion/editorials/2020/06/26/policing-in-canada-due-for-an-overhaul.html,KILL#6#Indigenous#1#Canada#CA#CA#60#-96#CA;CRISISLEX_T03_DEAD#6#Indigenous#1#Canada#CA#CA#60#-96#CA;
https://www.whitehorsestar.com/News/inquest-into-woman-s-death-is-set-for-two-venues,"KILL#6##4#Carmacks, Yukon, Canada#CA#CA12#62.1#-136.317#-562237;CRISISLEX_CRISISLEXREC#6##4#Carmacks, Yukon, Canada#CA#CA12#62.1#-136.317#-562237;CRISISLEX_T02_INJURED#6##4#Carmacks, Yukon, Canada#CA#CA12#62.1#-136.317#-562237;CRISISLEX_T03_DEAD#6##4#Carmacks, Yukon, Canada#CA#CA12#62.1#-136.317#-562237;CRISISLEX_T03_DEAD#6##4#Carmacks, Yukon, Canada#CA#CA12#62.1#-136.317#-562237;"
https://www.saltwire.com/opinion/local-perspectives/shaun-trainor-tired-of-lip-service-young-climate-activists-counting-on-courts-to-take-action-505905/,PROTEST#2014##1#Canada#CA#CA#60#-96#CA;MOVEMENT_GENERAL#2014##1#Canada#CA#CA#60#-96#CA;TAX_FNCACT_ACTIVISTS#2014##1#Canada#CA#CA#60#-96#CA;AFFECT#2014##1#Canada#CA#CA#60#-96#CA;KILL#2014##1#Canada#CA#CA#60#-96#CA;
https://www.thepeterboroughexaminer.com/ts/news/canada/2020/09/11/30m-in-improvements-coming-for-bc-logging-road-where-two-students-died.html,"KILL#2#university students#4#Vancouver Island, British Columbia, Canada#CA#CA02#49.6667#-125.833#-575271;KILL#2#University#4#Vancouver Island, British Columbia, Canada#CA#CA02#49.6667#-125.833#-575271;CRISISLEX_T03_DEAD#2#University#4#Vancouver Island, British Columbia, Canada#CA#CA02#49.6667#-125.833#-575271;"
https://www.delta-optimist.com/30m-in-improvements-coming-for-b-c-logging-road-where-two-students-died-1.24201672,"KILL#2#university students#4#Vancouver Island, British Columbia, Canada#CA#CA02#49.6667#-125.833#-575271;KILL#2#University#4#Vancouver Island, British Columbia, Canada#CA#CA02#49.6667#-125.833#-575271;CRISISLEX_T03_DEAD#2#University#4#Vancouver Island, British Columbia, Canada#CA#CA02#49.6667#-125.833#-575271;"
https://www.piquenewsmagazine.com/whistler/holding-a-mirror-to-the-real-overabundant-species/Content?oid=14745390,KILL#2014#species#1#Canada#CA#CA#60#-96#CA;AFFECT#2014##1#Canada#CA#CA#60#-96#CA;
https://www.timescolonist.com/opinion/op-ed/island-voices-the-real-overabundant-species-is-us-1.24030075,KILL#2014#species#1#Canada#CA#CA#60#-96#CA;AFFECT#2014##1#Canada#CA#CA#60#-96#CA;
https://theprovince.com/life/fashion-beauty/all-for-a-good-cause-purpose-led-brands-aim-to-put-philanthropy-first/wcm/45572f02-7227-4ba4-a8a4-814d726c24cb,"KILL#15##4#Attawapiskat, Ontario, Canada#CA#CA08#52.9167#-82.4333#-560412;CRISISLEX_T03_DEAD#15##4#Attawapiskat, Ontario, Canada#CA#CA08#52.9167#-82.4333#-560412;"
https://ici.radio-canada.ca/nouvelle/1749407/climat-toxique-organisme-federal-services-autochtones-atlantique,KILL#100#metres#1#Canada#CA#CA#60#-96#CA;CRISISLEX_T03_DEAD#100#metres#1#Canada#CA#CA#60#-96#CA;
https://www.saltwire.com/business/perspectives-on-business/analysis-numbers-show-public-supports-anti-racism-efforts-on-the-streets-and-in-the-boardrooms-465048/,KILL#200##1#Canada#CA#CA#60#-96#CA;
https://www.theweathernetwork.com/ca/news/article/cliffs-of-fundy-bonavista-peninsula-named-unesco-global-geoparks,KILL#22##1#Canada#CA#CA#60#-96#CA;CRISISLEX_T03_DEAD#22##1#Canada#CA#CA#60#-96#CA;
https://www.nsnews.com/news/first-nations-artist-s-mural-brings-past-present-and-future-together-1.24193808,"KILL#60#new murals commissioned#4#Vancouver, British Columbia, Canada#CA#CA02#49.25#-123.133#-575268;"
https://www.solidwastemag.com/blog/environment-minister-outlines-canadas-climate-change-priorities/,KILL#200##1#Canada#CA#CA#60#-96#CA;
https://www.castanet.net/news/Canada/312046/Orange-Shirt-Day-embraces-every-child-matters-theme-as-it-goes-virtual,KILL#201#children#1#Canada#CA#CA#60#-96#CA;CRISISLEX_T03_DEAD#201#children#1#Canada#CA#CA#60#-96#CA;
http://www.softrock929.com/news/1822598.html,KILL#8##1#New Zealand#NZ#NZ#-42#174#NZ;CRISISLEX_CRISISLEXREC#8##1#New Zealand#NZ#NZ#-42#174#NZ;CRISISLEX_T02_INJURED#8##1#New Zealand#NZ#NZ#-42#174#NZ;CRISISLEX_T03_DEAD#8##1#New Zealand#NZ#NZ#-42#174#NZ;CRISISLEX_T03_DEAD#8##1#New Zealand#NZ#NZ#-42#174#NZ;KILL#8##1#Macau#MC#MC#22.157778#113.559722#MC;CRISISLEX_CRISISLEXREC#8##1#Macau#MC#MC#22.157778#113.559722#MC;CRISISLEX_T02_INJURED#8##1#Macau#MC#MC#22.157778#113.559722#MC;CRISISLEX_T03_DEAD#8##1#Macau#MC#MC#22.157778#113.559722#MC;CRISISLEX_T03_DEAD#8##1#Macau#MC#MC#22.157778#113.559722#MC;KILL#8##1#Canada#CA#CA#60#-96#CA;CRISISLEX_CRISISLEXREC#8##1#Canada#CA#CA#60#-96#CA;CRISISLEX_T02_INJURED#8##1#Canada#CA#CA#60#-96#CA;CRISISLEX_T03_DEAD#8##1#Canada#CA#CA#60#-96#CA;CRISISLEX_T03_DEAD#8##1#Canada#CA#CA#60#-96#CA;KILL#8##1#Mali#ML#ML#17#-4#ML;CRISISLEX_CRISISLEXREC#8##1#Mali#ML#ML#17#-4#ML;CRISISLEX_T02_INJURED#8##1#Mali#ML#ML#17#-4#ML;CRISISLEX_T03_DEAD#8##1#Mali#ML#ML#17#-4#ML;CRISISLEX_T03_DEAD#8##1#Mali#ML#ML#17#-4#ML;KILL#8##1#Mali#ML#ML#17#-4#ML;CRISISLEX_CRISISLEXREC#8##1#Mali#ML#ML#17#-4#ML;CRISISLEX_T02_INJURED#8##1#Mali#ML#ML#17#-4#ML;CRISISLEX_T03_DEAD#8##1#Mali#ML#ML#17#-4#ML;CRISISLEX_T03_DEAD#8##1#Mali#ML#ML#17#-4#ML;
https://www.cheknews.ca/rally-held-at-b-c-legislature-for-island-woman-killed-by-police-in-new-brunswick-698426/,"KILL#2013##4#Edmundston, New Brunswick, Canada#CA#CA04#47.3667#-68.3333#-564067;CRISISLEX_T03_DEAD#2013##4#Edmundston, New Brunswick, Canada#CA#CA04#47.3667#-68.3333#-564067;"
https://www.pressreleasepoint.com/its-everyones-responsibility-u-t-mississaugas-tee-duke-achieving-truth-and-reconciliation-campus,KILL#19##1#Canada#CA#CA#60#-96#CA;
https://www.hrw.org/news/2020/03/05/submission-committee-rights-childs-review-canada,"KILL#2014##4#Shoal Lake, Manitoba, Canada#CA#CA03#50.4333#-100.583#-573588;"
https://infotel.ca/newsitem/senate-beyak/cp1855087506,KILL#2000##1#Canada#CA#CA#60#-96#CA;CRISISLEX_T03_DEAD#2000##1#Canada#CA#CA#60#-96#CA;
https://www.hopestandard.com/news/online-readership-shows-what-hope-standard-readers-are-looking-for/,"KILL#3##4#Chilliwack, British Columbia, Canada#CA#CA02#49.1667#-121.95#-562560;KILL#3##4#Chilliwack, British Columbia, Canada#CA#CA02#49.1667#-121.95#-562560;CRISISLEX_T03_DEAD#3##4#Chilliwack, British Columbia, Canada#CA#CA02#49.1667#-121.95#-562560;"
https://www.newsoptimist.ca/features/everybody-has-a-story/virginia-favel-we-live-in-a-divided-community-1.1574512,KILL#4##1#Canada#CA#CA#60#-96#CA;
https://www.ummid.com/news/2020/august/30.08.2020/anti-racism-activists-bring-to-ground-statue-of-1st-canadian-pm.html,KILL#19##1#Canada#CA#CA#60#-96#CA;CRISISLEX_T03_DEAD#19##1#Canada#CA#CA#60#-96#CA;
https://www.burnabynow.com/family-of-alberni-woman-shot-by-police-demands-public-inquest-1.24147501,KILL#61#shot#1#Canada#CA#CA#60#-96#CA;KILL#61#shot#1#Canada#CA#CA#60#-96#CA;
https://www.alaskahighwaynews.ca/regional-news/north-wind-seeks-support-to-expand-addiction-recovery-centre-1.24195728,"KILL#19##4#Pouce Coupe, British Columbia, Canada#CA#CA02#55.7167#-120.133#-571656;CRISISLEX_T03_DEAD#19##4#Pouce Coupe, British Columbia, Canada#CA#CA02#55.7167#-120.133#-571656;KILL#16##4#Pouce Coupe, British Columbia, Canada#CA#CA02#55.7167#-120.133#-571656;KILL#12##4#Pouce Coupe, British Columbia, Canada#CA#CA02#55.7167#-120.133#-571656;CRISISLEX_T03_DEAD#12##4#Pouce Coupe, British Columbia, Canada#CA#CA02#55.7167#-120.133#-571656;"
https://www.counterpunch.org/2020/03/09/they-stripped-us-of-our-clothes-and-assigned-us-a-number/,"KILL#33#students#4#Williams Lake, British Columbia, Canada#CA#CA02#52.1167#-122.15#-576014;CRISISLEX_T03_DEAD#33#students#4#Williams Lake, British Columbia, Canada#CA#CA02#52.1167#-122.15#-576014;"
https://globalnews.ca/news/6606884/cardston-students-indigenous-healing-garden-monument/,"KILL#200#Indigenous#4#Cardston, Alberta, Canada#CA#CA01#49.2#-113.317#-562190;CRISISLEX_T03_DEAD#200#Indigenous#4#Cardston, Alberta, Canada#CA#CA01#49.2#-113.317#-562190;"
http://easternontarionetwork.com/index.php/2020/03/08/going-to-jail-is-probably-easier-domestic-violence-perpetrators-tout-treatment-program/,"KILL#7##4#Fort Quappelle, Saskatchewan, Canada#CA#CA11#50.7667#-103.783#-564824;"
https://www.cbc.ca/news/canada/saskatchewan/going-to-jail-is-probably-easier-domestic-violence-perpetrators-tout-treatment-program-1.5480125,"KILL#7##4#Fort Quappelle, Saskatchewan, Canada#CA#CA11#50.7667#-103.783#-564824;"
https://edmontonsun.com/news/news-news/day-of-remembrance-winnipeggers-pause-to-remember-women-killed-because-they-were-women/wcm/8cda8193-1682-445d-88f0-c444f1831454,"KILL#14#women#1#Canada#CA#CA#60#-96#CA;CRISISLEX_CRISISLEXREC#14#women#1#Canada#CA#CA#60#-96#CA;CRISISLEX_T02_INJURED#14#women#1#Canada#CA#CA#60#-96#CA;CRISISLEX_T03_DEAD#14#women#1#Canada#CA#CA#60#-96#CA;CRISISLEX_T03_DEAD#14#women#1#Canada#CA#CA#60#-96#CA;KILL#14#red roses#4#Winnipeg, Manitoba, Canada#CA#CA03#49.8833#-97.1667#-576096;KILL#14#women#4#Winnipeg, Manitoba, Canada#CA#CA03#49.8833#-97.1667#-576096;CRISISLEX_T03_DEAD#14#women#4#Winnipeg, Manitoba, Canada#CA#CA03#49.8833#-97.1667#-576096;AFFECT#231#Calls#1#Canada#CA#CA#60#-96#CA;"
https://news.yahoo.com/canada-indigenous-chief-battered-during-220534395.html,KILL#2000#Canadians#1#Canada#CA#CA#60#-96#CA;
https://globalnews.ca/news/6917206/n-l-2019-mass-salmon-die-off/,KILL#6000000#salmon#1#Canada#CA#CA#60#-96#CA;CRISISLEX_T03_DEAD#6000000#salmon#1#Canada#CA#CA#60#-96#CA;
http://www.theguardian.pe.ca/news/canada/charges-dropped-against-indigenous-chief-punched-by-canadian-police-465914/,KILL#2#recent#1#Canada#CA#CA#60#-96#CA;
https://www.winnipegfreepress.com/arts-and-life/entertainment/poems-by-man-who-killed-indigenous-woman-removed-from-parliamentary-website-566752322.html,KILL#2#poems#1#Canada#CA#CA#60#-96#CA;CRISISLEX_T03_DEAD#2#poems#1#Canada#CA#CA#60#-96#CA;
https://www.680news.com/2020/06/22/senate-committee-says-beyak-has-learned-recommends-suspension-be-rescinded/,KILL#2000##1#Canada#CA#CA#60#-96#CA;CRISISLEX_T03_DEAD#2000##1#Canada#CA#CA#60#-96#CA;
https://www.niagarafallsreview.ca/ts/politics/federal/2020/06/22/senate-committee-says-beyak-has-learned-recommends-suspension-be-rescinded.html,"KILL#2000##4#Ottawa, Ontario, Canada#CA#CA08#45.4167#-75.7#-570760;CRISISLEX_T03_DEAD#2000##4#Ottawa, Ontario, Canada#CA#CA08#45.4167#-75.7#-570760;"
https://www.thepeterboroughexaminer.com/ts/politics/federal/2020/06/22/senate-committee-says-beyak-has-learned-recommends-suspension-be-rescinded.html,"KILL#2000##4#Ottawa, Ontario, Canada#CA#CA08#45.4167#-75.7#-570760;CRISISLEX_T03_DEAD#2000##4#Ottawa, Ontario, Canada#CA#CA08#45.4167#-75.7#-570760;"
https://www.msn.com/en-us/news/world/after-george-floyd-s-death-indigenous-communities-call-out-broken-system/ar-BB15z0cq,"KILL#6#Indigenous#4#Edmundston, New Brunswick, Canada#CA#CA04#47.3667#-68.3333#-564067;CRISISLEX_T03_DEAD#6#Indigenous#4#Edmundston, New Brunswick, Canada#CA#CA04#47.3667#-68.3333#-564067;KILL#2000#sled dogs#4#Sydney, New South Wales, Australia#AS#AS02#-33.8833#151.217#-1603135;KILL#400#Matter protesters#4#Sydney, New South Wales, Australia#AS#AS02#-33.8833#151.217#-1603135;PROTEST#400##4#Sydney, New South Wales, Australia#AS#AS02#-33.8833#151.217#-1603135;KILL#400#Aboriginal#4#Sydney, New South Wales, Australia#AS#AS02#-33.8833#151.217#-1603135;ARREST#400#Aboriginal deaths#4#Sydney, New South Wales, Australia#AS#AS02#-33.8833#151.217#-1603135;PROTEST#1##5#Northern Territory, Australia#AS#AS03#-20#134#-1592100;KILL#12##1#United States#US#US#39.828175#-98.5795#US;CRISISLEX_T03_DEAD#12##1#United States#US#US#39.828175#-98.5795#US;"
https://www.cbc.ca/cbcdocspov/blog/the-colten-boushie-case-sparked-a-call-for-justice-for-indigenous-peoples,KILL#2##1#Canada#CA#CA#60#-96#CA;CRISISLEX_T03_DEAD#2##1#Canada#CA#CA#60#-96#CA;
http://www.piquenewsmagazine.com/opinion/piquen-yer-interest-indigenous-reconciliation-whistler-2533598,KILL#200##1#Canada#CA#CA#60#-96#CA;KILL#8#Indigenous Canadians#1#Canada#CA#CA#60#-96#CA;CRISISLEX_T03_DEAD#8#Indigenous Canadians#1#Canada#CA#CA#60#-96#CA;
https://www.cbc.ca/news/canada/prince-edward-island/pei-indigenous-lives-matter-walk-justice-1.5618991,KILL#2000#marched#1#Canada#CA#CA#60#-96#CA;
https://www.canadashistory.ca/explore/politics-law/the-priest-who-shaped-a-province,"KILL#2014##4#Red River, Alberta, Canada#CA#CA01#58.4#-114.75#-568101;"
